order_id,order_date,region,segment,category,product,quantity,unit_price,discount,sales,profit
ORD-01157,2023-01-01,South,Consumer,Technology,Monitor,2,299.46,0.05,568.97,74.86
ORD-02879,2023-01-02,West,Corporate,Technology,Monitor,6,270.9,0.2,1300.31,71.91
ORD-01220,2023-01-02,East,Corporate,Technology,Phone,1,636.32,0.1,572.69,75.96
ORD-01836,2023-01-02,North,Consumer,Technology,Laptop,6,885.73,0.2,4251.51,404.18
ORD-00743,2023-01-03,South,Home Office,Furniture,Chair,2,145.94,0.1,262.69,7.03
ORD-00740,2023-01-04,West,Consumer,Technology,Phone,4,547.1,0.3,1531.87,3.54
ORD-02730,2023-01-05,South,Home Office,Technology,Laptop,6,904.97,0.1,4886.82,461.82
ORD-00997,2023-01-05,South,Consumer,Furniture,Desk,4,379.0,0.05,1440.21,32.16
ORD-02584,2023-01-08,East,Home Office,Office Supplies,Paper,7,20.62,0.2,115.49,16.2
ORD-00810,2023-01-08,East,Consumer,Office Supplies,Paper,2,21.58,0.1,38.84,8.32
ORD-01616,2023-01-08,North,Corporate,Technology,Headphones,5,111.73,0.0,558.63,125.34
ORD-00774,2023-01-09,South,Consumer,Office Supplies,Paper,6,19.07,0.05,108.69,27.19
ORD-01313,2023-01-09,South,Consumer,Office Supplies,Printer Ink,7,65.55,0.2,367.09,63.26
ORD-02298,2023-01-09,North,Consumer,Technology,Phone,3,546.98,0.0,1640.94,346.86
ORD-00646,2023-01-09,South,Corporate,Furniture,Chair,5,142.67,0.0,713.36,52.15
ORD-00422,2023-01-10,East,Corporate,Office Supplies,Binder,7,15.94,0.05,106.01,28.83
ORD-01322,2023-01-10,East,Consumer,Office Supplies,Printer Ink,2,61.68,0.2,98.69,13.46
ORD-00594,2023-01-14,North,Consumer,Technology,Monitor,2,272.68,0.1,490.82,55.44
ORD-00051,2023-01-14,West,Home Office,Technology,Monitor,4,310.28,0.0,1241.11,193.06
ORD-01100,2023-01-14,East,Home Office,Technology,Phone,5,604.36,0.0,3021.8,511.85
ORD-02921,2023-01-14,East,Home Office,Technology,Phone,4,562.54,0.2,1800.12,114.37
ORD-02383,2023-01-16,South,Consumer,Technology,Phone,6,581.5,0.0,3489.03,726.66
ORD-00765,2023-01-17,West,Consumer,Office Supplies,Printer Ink,6,65.57,0.0,393.45,122.92
ORD-01910,2023-01-20,South,Corporate,Technology,Laptop,3,871.6,0.1,2353.33,299.55
ORD-00534,2023-01-20,East,Home Office,Office Supplies,Paper,4,18.0,0.0,72.02,21.54
ORD-02393,2023-01-20,West,Consumer,Furniture,Chair,6,161.93,0.3,680.11,-75.69
ORD-02939,2023-01-21,North,Corporate,Office Supplies,Printer Ink,3,59.05,0.0,177.16,51.71
ORD-02718,2023-01-22,South,Corporate,Technology,Phone,6,547.13,0.0,3282.8,550.82
ORD-02957,2023-01-22,North,Consumer,Technology,Phone,2,560.94,0.0,1121.88,184.77
ORD-01951,2023-01-22,West,Consumer,Office Supplies,Paper,1,19.0,0.2,15.2,2.4
ORD-00840,2023-01-23,West,Corporate,Office Supplies,Paper,2,18.65,0.1,33.58,7.41
ORD-02538,2023-01-23,North,Consumer,Furniture,Bookcase,5,200.91,0.4,602.73,-90.0
ORD-00394,2023-01-23,East,Consumer,Office Supplies,Printer Ink,1,58.6,0.0,58.6,16.86
ORD-02022,2023-01-25,North,Consumer,Office Supplies,Stapler,3,10.88,0.1,29.37,6.5
ORD-00204,2023-01-26,North,Consumer,Office Supplies,Printer Ink,3,59.13,0.05,168.52,53.23
ORD-02114,2023-01-26,North,Consumer,Technology,Monitor,3,273.11,0.05,778.35,123.95
ORD-00518,2023-01-27,East,Corporate,Furniture,Bookcase,3,193.24,0.0,579.72,41.34
ORD-02570,2023-01-29,South,Consumer,Technology,Laptop,3,904.46,0.4,1628.02,-86.39
ORD-01567,2023-01-29,North,Consumer,Technology,Laptop,1,917.31,0.0,917.31,165.18
ORD-00811,2023-01-30,West,Home Office,Technology,Headphones,1,115.59,0.1,104.03,13.0
ORD-02533,2023-01-30,East,Corporate,Furniture,Chair,5,138.32,0.0,691.58,30.43
ORD-02051,2023-01-30,South,Corporate,Furniture,Desk,6,323.05,0.2,1550.66,-105.85
ORD-00682,2023-02-01,East,Consumer,Furniture,Bookcase,3,200.38,0.0,601.15,54.83
ORD-00825,2023-02-02,West,Consumer,Furniture,Desk,5,329.99,0.2,1319.97,-103.73
ORD-00238,2023-02-02,West,Consumer,Furniture,Desk,1,321.43,0.4,192.86,-32.73
ORD-01948,2023-02-02,South,Consumer,Office Supplies,Binder,2,14.24,0.3,19.94,2.17
ORD-01928,2023-02-03,West,Corporate,Office Supplies,Printer Ink,5,62.26,0.1,280.19,65.83
ORD-00796,2023-02-04,West,Consumer,Office Supplies,Paper,4,20.69,0.3,57.94,7.79
ORD-01044,2023-02-05,North,Consumer,Furniture,Desk,5,338.93,0.4,1016.8,-123.27
ORD-02872,2023-02-06,South,Consumer,Technology,Monitor,2,276.68,0.2,442.69,36.92
ORD-01893,2023-02-07,East,Consumer,Technology,Headphones,6,113.07,0.05,644.49,93.58
ORD-00269,2023-02-07,East,Consumer,Technology,Phone,5,622.97,0.0,3114.85,515.08
ORD-00149,2023-02-08,West,Corporate,Technology,Monitor,6,312.02,0.05,1778.49,323.59
ORD-01901,2023-02-08,South,Corporate,Technology,Headphones,6,123.89,0.1,669.02,67.27
ORD-02030,2023-02-09,North,Consumer,Technology,Monitor,5,302.49,0.05,1436.82,226.65
ORD-02037,2023-02-09,North,Home Office,Technology,Laptop,2,852.45,0.0,1704.9,299.71
ORD-00135,2023-02-10,South,Home Office,Office Supplies,Paper,6,18.01,0.05,102.66,26.91
ORD-00084,2023-02-10,West,Consumer,Office Supplies,Stapler,6,12.13,0.3,50.95,6.31
ORD-01068,2023-02-11,North,Corporate,Office Supplies,Printer Ink,1,62.33,0.0,62.33,18.43
ORD-00871,2023-02-11,North,Corporate,Technology,Phone,1,605.85,0.0,605.85,105.03
ORD-01355,2023-02-12,South,Corporate,Office Supplies,Stapler,5,11.24,0.1,50.59,9.91
ORD-02349,2023-02-12,East,Home Office,Technology,Phone,1,544.34,0.2,435.47,11.78
ORD-01720,2023-02-13,West,Home Office,Furniture,Chair,7,164.33,0.05,1092.8,59.4
ORD-02886,2023-02-13,North,Consumer,Technology,Headphones,3,123.25,0.1,332.77,43.65
ORD-00226,2023-02-14,West,Corporate,Office Supplies,Paper,1,18.47,0.0,18.47,5.82
ORD-02556,2023-02-14,North,Home Office,Furniture,Desk,6,315.97,0.0,1895.81,221.75
ORD-00589,2023-02-14,North,Home Office,Technology,Laptop,2,828.37,0.2,1325.39,125.36
ORD-02129,2023-02-15,South,Consumer,Office Supplies,Binder,2,15.48,0.0,30.97,9.51
ORD-02580,2023-02-16,North,Corporate,Office Supplies,Paper,4,20.06,0.2,64.2,11.15
ORD-01317,2023-02-17,South,Corporate,Office Supplies,Stapler,2,12.7,0.0,25.4,7.94
ORD-01204,2023-02-17,West,Corporate,Office Supplies,Stapler,7,11.95,0.05,79.45,24.31
ORD-01742,2023-02-18,North,Corporate,Office Supplies,Binder,6,13.59,0.1,73.37,17.5
ORD-02814,2023-02-20,West,Consumer,Furniture,Bookcase,7,208.49,0.0,1459.45,71.32
ORD-00414,2023-02-21,North,Corporate,Technology,Laptop,6,972.09,0.1,5249.27,650.39
ORD-00649,2023-02-22,West,Corporate,Office Supplies,Printer Ink,2,55.11,0.05,104.71,24.61
ORD-00794,2023-02-23,South,Corporate,Office Supplies,Binder,3,15.56,0.0,46.69,14.31
ORD-00971,2023-02-23,East,Corporate,Technology,Monitor,2,318.11,0.05,604.41,78.02
ORD-01728,2023-02-24,North,Home Office,Office Supplies,Binder,4,15.85,0.0,63.38,19.71
ORD-00068,2023-02-24,East,Corporate,Office Supplies,Stapler,2,12.97,0.0,25.95,7.89
ORD-02079,2023-02-25,West,Consumer,Office Supplies,Stapler,6,10.98,0.1,59.27,15.96
ORD-00767,2023-02-25,South,Consumer,Furniture,Bookcase,7,187.78,0.0,1314.49,75.3
ORD-02559,2023-02-25,West,Consumer,Technology,Headphones,7,131.32,0.0,919.25,160.83
ORD-02604,2023-02-26,East,Corporate,Furniture,Chair,6,154.55,0.3,649.12,-83.53
ORD-02017,2023-02-26,North,Consumer,Furniture,Chair,7,145.82,0.0,1020.72,80.92
ORD-02697,2023-02-27,West,Corporate,Office Supplies,Binder,2,15.55,0.2,24.88,5.23
ORD-02320,2023-02-27,East,Consumer,Technology,Monitor,7,319.19,0.1,2010.87,315.83
ORD-01840,2023-02-27,East,Consumer,Office Supplies,Printer Ink,7,54.65,0.0,382.52,115.49
ORD-02121,2023-02-28,East,Home Office,Furniture,Chair,6,156.98,0.0,941.85,66.69
ORD-02749,2023-02-28,North,Consumer,Office Supplies,Printer Ink,4,65.17,0.3,182.47,18.43
ORD-02500,2023-03-02,South,Consumer,Technology,Headphones,1,125.3,0.0,125.3,22.98
ORD-02151,2023-03-02,West,Consumer,Technology,Phone,1,636.11,0.05,604.31,72.57
ORD-02918,2023-03-03,West,Consumer,Office Supplies,Binder,4,13.55,0.2,43.37,9.5
ORD-01160,2023-03-03,West,Consumer,Furniture,Desk,2,334.08,0.0,668.16,42.78
ORD-01659,2023-03-04,North,Corporate,Technology,Headphones,7,117.78,0.0,824.46,141.59
ORD-01432,2023-03-04,North,Consumer,Office Supplies,Printer Ink,3,55.7,0.0,167.09,53.94
ORD-01381,2023-03-05,North,Consumer,Furniture,Desk,3,380.61,0.05,1084.75,60.56
ORD-00484,2023-03-05,East,Consumer,Office Supplies,Binder,5,15.8,0.1,71.12,19.06
ORD-00722,2023-03-05,West,Home Office,Office Supplies,Paper,4,19.31,0.0,77.25,22.78
ORD-02275,2023-03-06,East,Home Office,Office Supplies,Paper,5,18.43,0.1,82.94,18.95
ORD-00421,2023-03-06,South,Corporate,Furniture,Chair,6,146.83,0.0,880.97,54.42
ORD-02869,2023-03-06,North,Home Office,Technology,Laptop,7,987.73,0.0,6914.12,1097.55
ORD-00632,2023-03-07,North,Home Office,Office Supplies,Paper,5,21.2,0.4,63.6,3.7
ORD-00163,2023-03-08,East,Corporate,Office Supplies,Paper,3,21.74,0.1,58.7,15.03
ORD-02096,2023-03-10,West,Consumer,Office Supplies,Binder,3,14.04,0.2,33.71,6.49
ORD-01314,2023-03-10,South,Corporate,Technology,Monitor,2,326.93,0.0,653.86,108.33
ORD-02228,2023-03-10,East,Corporate,Technology,Monitor,1,306.43,0.2,245.14,14.58
ORD-01619,2023-03-10,South,Corporate,Furniture,Bookcase,2,214.05,0.1,385.29,11.78
ORD-02117,2023-03-11,East,Corporate,Office Supplies,Printer Ink,6,54.85,0.0,329.11,103.08
ORD-02295,2023-03-11,West,Consumer,Office Supplies,Stapler,3,12.26,0.3,25.75,3.27
ORD-00434,2023-03-12,East,Home Office,Technology,Phone,5,614.74,0.1,2766.34,339.92
ORD-02813,2023-03-12,South,Consumer,Office Supplies,Stapler,5,13.2,0.0,65.99,18.58
ORD-01363,2023-03-12,West,Consumer,Office Supplies,Stapler,1,12.23,0.4,7.34,0.39
ORD-01018,2023-03-13,South,Consumer,Technology,Monitor,1,303.03,0.05,287.88,36.45
ORD-01385,2023-03-13,North,Consumer,Office Supplies,Stapler,5,11.17,0.05,53.04,13.53
ORD-00619,2023-03-14,West,Corporate,Office Supplies,Printer Ink,7,62.7,0.4,263.36,11.82
ORD-00725,2023-03-14,South,Consumer,Office Supplies,Printer Ink,3,55.65,0.0,166.95,47.49
ORD-02566,2023-03-14,West,Consumer,Office Supplies,Stapler,1,11.75,0.1,10.58,2.9
ORD-00124,2023-03-15,North,Consumer,Technology,Phone,2,590.08,0.4,708.1,-32.42
ORD-02045,2023-03-16,West,Consumer,Office Supplies,Binder,7,14.33,0.0,100.28,30.65
ORD-00450,2023-03-16,North,Consumer,Office Supplies,Printer Ink,5,61.86,0.0,309.32,93.35
ORD-02159,2023-03-16,South,Home Office,Furniture,Bookcase,4,195.84,0.3,548.34,-64.49
ORD-01939,2023-03-17,East,Corporate,Technology,Headphones,6,112.26,0.3,471.5,-7.1
ORD-02297,2023-03-18,West,Home Office,Technology,Headphones,3,114.88,0.05,327.41,49.73
ORD-00280,2023-03-18,West,Home Office,Office Supplies,Printer Ink,6,63.16,0.0,378.96,123.75
ORD-01260,2023-03-19,South,Corporate,Office Supplies,Printer Ink,7,61.15,0.05,406.62,111.05
ORD-00027,2023-03-19,South,Consumer,Office Supplies,Printer Ink,3,63.26,0.05,180.28,42.41
ORD-00554,2023-03-20,South,Consumer,Technology,Headphones,1,130.46,0.3,91.32,2.86
ORD-01389,2023-03-21,East,Corporate,Office Supplies,Binder,5,13.61,0.4,40.82,3.76
ORD-00902,2023-03-21,West,Corporate,Office Supplies,Paper,7,20.35,0.2,113.98,16.52
ORD-00175,2023-03-21,West,Corporate,Technology,Laptop,7,905.15,0.0,6336.04,1227.76
ORD-02810,2023-03-21,South,Corporate,Furniture,Bookcase,4,181.06,0.3,506.98,-50.1
ORD-02387,2023-03-21,East,Consumer,Technology,Phone,2,632.85,0.05,1202.42,122.97
ORD-01925,2023-03-22,South,Corporate,Furniture,Desk,5,369.7,0.05,1756.07,79.79
ORD-02839,2023-03-22,East,Home Office,Technology,Laptop,4,938.98,0.0,3755.92,632.08
ORD-02010,2023-03-25,East,Corporate,Technology,Headphones,2,122.19,0.3,171.06,-3.27
ORD-02384,2023-03-25,North,Consumer,Technology,Headphones,2,113.41,0.0,226.82,45.19
ORD-00762,2023-03-25,South,Consumer,Technology,Laptop,2,958.95,0.05,1822.01,235.91
ORD-00642,2023-03-27,West,Consumer,Office Supplies,Paper,7,19.13,0.0,133.93,38.6
ORD-00634,2023-03-27,West,Consumer,Office Supplies,Binder,1,14.28,0.0,14.28,3.95
ORD-00758,2023-03-27,North,Home Office,Office Supplies,Stapler,1,12.62,0.05,11.99,3.19
ORD-02773,2023-03-27,South,Corporate,Furniture,Desk,7,339.79,0.0,2378.54,122.85
ORD-02446,2023-03-28,South,Home Office,Office Supplies,Stapler,2,12.77,0.1,22.98,4.84
ORD-01441,2023-03-28,West,Corporate,Furniture,Desk,3,323.2,0.0,969.61,75.47
ORD-00286,2023-03-28,North,Corporate,Office Supplies,Binder,5,15.58,0.05,74.0,22.29
ORD-01205,2023-03-28,East,Corporate,Office Supplies,Binder,5,14.76,0.05,70.11,21.97
ORD-00987,2023-03-29,South,Corporate,Furniture,Chair,2,136.9,0.0,273.81,23.16
ORD-02475,2023-03-30,South,Consumer,Technology,Headphones,6,110.66,0.2,531.15,29.42
ORD-00820,2023-03-30,North,Corporate,Office Supplies,Binder,2,13.61,0.0,27.22,7.42
ORD-01668,2023-03-30,North,Corporate,Office Supplies,Binder,2,13.99,0.1,25.18,6.69
ORD-01731,2023-03-31,South,Consumer,Office Supplies,Binder,7,15.88,0.05,105.59,27.26
ORD-00731,2023-03-31,West,Corporate,Office Supplies,Binder,2,14.13,0.0,28.25,8.94
ORD-02492,2023-03-31,North,Home Office,Technology,Laptop,7,876.51,0.3,4294.91,1.78
ORD-01485,2023-03-31,East,Consumer,Technology,Laptop,4,944.74,0.3,2645.28,-30.49
ORD-01138,2023-04-01,East,Corporate,Office Supplies,Stapler,5,12.09,0.0,60.44,17.92
ORD-00423,2023-04-01,South,Consumer,Furniture,Bookcase,4,203.04,0.0,812.15,50.23
ORD-02059,2023-04-01,North,Consumer,Technology,Monitor,5,310.47,0.0,1552.36,213.54
ORD-02361,2023-04-01,West,Corporate,Technology,Phone,3,600.07,0.0,1800.22,340.97
ORD-00291,2023-04-02,South,Corporate,Office Supplies,Printer Ink,3,60.01,0.1,162.02,44.66
ORD-01308,2023-04-03,East,Consumer,Office Supplies,Binder,6,16.23,0.0,97.37,28.83
ORD-01156,2023-04-03,West,Consumer,Office Supplies,Binder,1,14.06,0.05,13.36,3.88
ORD-00272,2023-04-04,East,Home Office,Office Supplies,Binder,5,13.76,0.0,68.82,19.56
ORD-02505,2023-04-04,West,Home Office,Furniture,Bookcase,5,186.29,0.1,838.28,9.62
ORD-02822,2023-04-05,North,Consumer,Office Supplies,Binder,2,14.17,0.05,26.93,7.42
ORD-00448,2023-04-06,West,Corporate,Furniture,Desk,4,335.09,0.2,1072.28,-52.66
ORD-00270,2023-04-07,West,Corporate,Office Supplies,Stapler,4,10.93,0.2,34.96,6.96
ORD-01243,2023-04-07,North,Home Office,Furniture,Chair,4,156.73,0.0,626.94,57.43
ORD-01899,2023-04-07,East,Corporate,Office Supplies,Stapler,4,12.4,0.1,44.65,9.34
ORD-01725,2023-04-07,East,Home Office,Furniture,Chair,7,159.77,0.4,671.05,-76.47
ORD-00512,2023-04-08,West,Consumer,Office Supplies,Stapler,4,12.42,0.0,49.7,15.27
ORD-02350,2023-04-09,West,Consumer,Office Supplies,Paper,4,19.02,0.0,76.07,20.63
ORD-00428,2023-04-10,West,Consumer,Office Supplies,Stapler,3,10.81,0.4,19.46,1.06
ORD-02907,2023-04-11,East,Corporate,Office Supplies,Printer Ink,7,62.06,0.0,434.44,139.46
ORD-00567,2023-04-12,South,Home Office,Furniture,Chair,2,147.39,0.05,280.04,19.45
ORD-01591,2023-04-12,East,Home Office,Furniture,Desk,6,352.91,0.1,1905.69,142.79
ORD-00074,2023-04-12,North,Consumer,Office Supplies,Paper,2,18.03,0.1,32.46,6.65
ORD-02258,2023-04-13,North,Corporate,Furniture,Desk,3,320.35,0.05,913.01,43.95
ORD-02193,2023-04-13,North,Consumer,Office Supplies,Binder,3,13.67,0.3,28.72,3.98
ORD-01229,2023-04-14,East,Home Office,Technology,Monitor,5,291.79,0.1,1313.07,145.06
ORD-02924,2023-04-15,East,Consumer,Office Supplies,Printer Ink,1,61.4,0.0,61.4,20.28
ORD-01393,2023-04-15,North,Corporate,Office Supplies,Binder,1,14.23,0.0,14.23,4.37
ORD-01490,2023-04-16,East,Consumer,Furniture,Desk,2,376.74,0.0,753.49,39.83
ORD-02241,2023-04-16,North,Consumer,Technology,Phone,6,586.05,0.0,3516.3,664.77
ORD-02986,2023-04-16,West,Consumer,Technology,Laptop,5,833.16,0.2,3332.62,94.27
ORD-00734,2023-04-16,East,Consumer,Technology,Laptop,1,970.87,0.2,776.7,39.28
ORD-02802,2023-04-17,West,Consumer,Office Supplies,Binder,5,15.33,0.0,76.66,21.98
ORD-01000,2023-04-18,North,Consumer,Office Supplies,Printer Ink,2,54.22,0.05,103.02,27.85
ORD-01401,2023-04-20,East,Consumer,Office Supplies,Paper,6,21.61,0.05,123.15,29.19
ORD-00017,2023-04-21,South,Corporate,Technology,Monitor,1,310.35,0.3,217.24,8.01
ORD-01443,2023-04-21,North,Corporate,Office Supplies,Binder,5,15.8,0.2,63.18,13.03
ORD-02847,2023-04-22,East,Corporate,Technology,Phone,6,607.76,0.05,3464.22,505.24
ORD-01898,2023-04-23,West,Corporate,Office Supplies,Stapler,4,12.68,0.05,48.19,12.1
ORD-00727,2023-04-24,South,Consumer,Technology,Laptop,2,839.31,0.1,1510.76,161.11
ORD-01219,2023-04-25,West,Home Office,Office Supplies,Paper,3,18.16,0.05,51.75,15.2
ORD-00258,2023-04-26,North,Home Office,Office Supplies,Paper,5,19.39,0.0,96.96,27.05
ORD-02345,2023-04-26,West,Corporate,Technology,Headphones,4,121.27,0.05,460.84,61.91
ORD-01481,2023-04-26,East,Consumer,Office Supplies,Printer Ink,6,60.83,0.0,365.01,96.33
ORD-02984,2023-04-26,North,Consumer,Office Supplies,Binder,4,14.28,0.2,45.71,9.24
ORD-00680,2023-04-27,East,Consumer,Office Supplies,Printer Ink,2,57.06,0.4,68.47,1.16
ORD-02196,2023-04-27,South,Corporate,Furniture,Chair,6,148.95,0.0,893.69,80.25
ORD-02418,2023-04-27,West,Corporate,Technology,Phone,6,552.96,0.05,3151.84,299.09
ORD-02227,2023-04-27,South,Corporate,Technology,Headphones,6,114.02,0.0,684.1,136.46
ORD-01155,2023-04-27,East,Home Office,Technology,Monitor,4,282.48,0.2,903.93,58.19
ORD-02321,2023-04-27,North,Consumer,Office Supplies,Printer Ink,6,64.94,0.1,350.7,78.36
ORD-02426,2023-04-29,South,Corporate,Office Supplies,Stapler,5,12.39,0.0,61.97,19.08
ORD-02341,2023-04-30,South,Consumer,Technology,Headphones,4,113.09,0.0,452.36,99.71
ORD-02339,2023-04-30,North,Consumer,Technology,Laptop,5,983.72,0.05,4672.67,811.75
ORD-01115,2023-05-01,South,Home Office,Technology,Laptop,2,924.09,0.2,1478.55,51.77
ORD-01534,2023-05-01,East,Consumer,Furniture,Desk,5,347.37,0.1,1563.17,3.64
ORD-02667,2023-05-02,West,Home Office,Office Supplies,Printer Ink,4,63.92,0.2,204.53,37.19
ORD-01765,2023-05-04,East,Corporate,Technology,Phone,4,625.73,0.1,2252.64,300.2
ORD-01993,2023-05-04,East,Consumer,Furniture,Bookcase,1,203.62,0.05,193.43,4.78
ORD-01907,2023-05-04,West,Home Office,Technology,Headphones,1,111.04,0.05,105.49,19.78
ORD-02389,2023-05-05,South,Corporate,Office Supplies,Stapler,3,13.0,0.0,38.99,12.56
ORD-01825,2023-05-05,East,Corporate,Furniture,Desk,6,352.11,0.1,1901.39,9.44
ORD-00510,2023-05-05,North,Home Office,Office Supplies,Printer Ink,4,65.59,0.0,262.36,80.61
ORD-00916,2023-05-05,North,Consumer,Furniture,Bookcase,2,217.73,0.05,413.68,22.99
ORD-02764,2023-05-06,North,Consumer,Furniture,Desk,4,336.06,0.0,1344.24,99.76
ORD-01767,2023-05-08,North,Corporate,Office Supplies,Stapler,4,12.85,0.05,48.82,12.95
ORD-01806,2023-05-08,West,Consumer,Furniture,Bookcase,3,213.75,0.0,641.26,45.39
ORD-02791,2023-05-10,North,Home Office,Office Supplies,Stapler,2,12.61,0.2,20.18,3.51
ORD-01965,2023-05-10,West,Corporate,Technology,Phone,1,568.27,0.4,340.96,-25.24
ORD-02582,2023-05-13,West,Home Office,Furniture,Chair,7,138.97,0.05,924.14,69.33
ORD-01789,2023-05-14,South,Corporate,Office Supplies,Paper,7,18.32,0.1,115.4,27.8
ORD-01427,2023-05-14,South,Consumer,Technology,Headphones,1,131.11,0.05,124.55,19.96
ORD-01957,2023-05-15,South,Consumer,Technology,Monitor,6,280.74,0.05,1600.21,248.73
ORD-00793,2023-05-15,South,Consumer,Technology,Monitor,3,270.52,0.0,811.55,171.9
ORD-02311,2023-05-16,West,Home Office,Technology,Headphones,5,117.16,0.0,585.79,102.26
ORD-00547,2023-05-18,North,Consumer,Office Supplies,Paper,5,21.91,0.0,109.56,35.77
ORD-02323,2023-05-18,East,Consumer,Technology,Phone,3,593.85,0.0,1781.55,365.56
ORD-02753,2023-05-19,South,Consumer,Office Supplies,Paper,6,19.26,0.3,80.91,8.9
ORD-01375,2023-05-19,East,Consumer,Technology,Monitor,4,288.26,0.3,807.12,0.5
ORD-01566,2023-05-20,South,Home Office,Office Supplies,Binder,5,14.58,0.05,69.24,20.9
ORD-02630,2023-05-22,North,Corporate,Furniture,Desk,7,376.57,0.0,2635.97,200.12
ORD-00139,2023-05-22,South,Corporate,Furniture,Chair,7,146.19,0.2,818.65,-24.3
ORD-00560,2023-05-24,East,Corporate,Office Supplies,Binder,6,15.44,0.0,92.63,26.45
ORD-00338,2023-05-25,North,Consumer,Technology,Laptop,5,943.45,0.1,4245.5,443.04
ORD-00122,2023-05-25,West,Consumer,Furniture,Bookcase,7,184.26,0.0,1289.82,65.05
ORD-00627,2023-05-26,South,Home Office,Office Supplies,Paper,5,20.79,0.0,103.97,31.17
ORD-00663,2023-05-26,East,Consumer,Office Supplies,Stapler,1,11.33,0.1,10.2,2.55
ORD-01182,2023-05-27,West,Consumer,Office Supplies,Printer Ink,7,63.32,0.0,443.26,122.29
ORD-02937,2023-05-27,North,Consumer,Furniture,Bookcase,4,216.51,0.0,866.06,46.47
ORD-01809,2023-05-29,East,Consumer,Office Supplies,Binder,5,15.43,0.4,46.28,3.51
ORD-00097,2023-05-30,West,Consumer,Furniture,Chair,4,156.11,0.0,624.44,77.33
ORD-00363,2023-05-30,South,Home Office,Office Supplies,Printer Ink,6,60.0,0.1,324.0,82.62
ORD-02215,2023-05-30,West,Corporate,Furniture,Desk,3,349.15,0.0,1047.44,93.06
ORD-02895,2023-05-31,East,Consumer,Office Supplies,Binder,4,14.82,0.3,41.5,6.15
ORD-01990,2023-05-31,South,Consumer,Technology,Laptop,6,881.4,0.1,4759.57,539.82
ORD-01623,2023-06-01,West,Consumer,Office Supplies,Binder,5,14.55,0.4,43.64,1.92
ORD-02596,2023-06-01,North,Corporate,Office Supplies,Printer Ink,5,54.43,0.0,272.17,77.22
ORD-02348,2023-06-01,East,Consumer,Office Supplies,Stapler,4,11.71,0.4,28.1,2.72
ORD-00085,2023-06-03,West,Consumer,Furniture,Bookcase,2,195.1,0.2,312.15,-14.07
ORD-01426,2023-06-03,West,Home Office,Technology,Laptop,3,944.77,0.4,1700.59,-99.34
ORD-01763,2023-06-03,East,Consumer,Furniture,Desk,2,374.51,0.0,749.03,46.9
ORD-02128,2023-06-03,East,Corporate,Office Supplies,Binder,3,16.35,0.3,34.33,4.55
ORD-00412,2023-06-04,North,Corporate,Furniture,Desk,5,343.77,0.3,1203.18,-140.89
ORD-02462,2023-06-04,West,Corporate,Technology,Laptop,6,835.76,0.1,4513.09,500.38
ORD-01455,2023-06-04,North,Consumer,Furniture,Chair,6,146.16,0.1,789.29,15.73
ORD-02063,2023-06-04,South,Home Office,Technology,Laptop,1,922.56,0.05,876.44,124.01
ORD-01040,2023-06-06,West,Consumer,Furniture,Chair,5,140.48,0.4,421.44,-74.09
ORD-00454,2023-06-06,North,Home Office,Office Supplies,Paper,1,21.35,0.05,20.28,4.99
ORD-02263,2023-06-07,East,Consumer,Office Supplies,Printer Ink,4,57.5,0.0,230.01,78.54
ORD-01169,2023-06-07,West,Consumer,Furniture,Desk,3,377.25,0.0,1131.74,70.29
ORD-02149,2023-06-08,East,Corporate,Technology,Monitor,6,297.46,0.2,1427.81,96.25
ORD-02740,2023-06-08,South,Home Office,Office Supplies,Binder,7,14.4,0.1,90.71,22.63
ORD-00844,2023-06-09,West,Consumer,Office Supplies,Printer Ink,1,63.98,0.0,63.98,20.18
ORD-02285,2023-06-09,East,Home Office,Technology,Monitor,3,308.31,0.0,924.92,166.53
ORD-02232,2023-06-09,East,Consumer,Furniture,Desk,7,384.53,0.2,2153.39,-48.7
ORD-02881,2023-06-09,North,Consumer,Technology,Monitor,4,306.86,0.2,981.95,71.84
ORD-01706,2023-06-09,East,Consumer,Technology,Phone,3,615.1,0.0,1845.3,277.95
ORD-01296,2023-06-10,West,Corporate,Furniture,Bookcase,2,199.1,0.05,378.28,17.59
ORD-00187,2023-06-10,West,Corporate,Office Supplies,Printer Ink,3,62.08,0.0,186.24,53.57
ORD-01407,2023-06-10,West,Home Office,Furniture,Chair,2,159.41,0.1,286.93,3.52
ORD-00004,2023-06-10,South,Consumer,Technology,Headphones,7,120.78,0.0,845.47,182.16
ORD-02146,2023-06-10,North,Home Office,Office Supplies,Binder,2,14.79,0.05,28.09,7.09
ORD-00336,2023-06-11,West,Home Office,Furniture,Bookcase,1,190.43,0.0,190.43,13.88
ORD-01132,2023-06-11,South,Home Office,Furniture,Bookcase,3,180.21,0.0,540.63,15.94
ORD-00349,2023-06-11,East,Home Office,Furniture,Desk,7,364.22,0.0,2549.56,168.61
ORD-01835,2023-06-11,South,Corporate,Office Supplies,Printer Ink,4,63.94,0.2,204.61,40.39
ORD-00108,2023-06-13,South,Corporate,Technology,Phone,2,578.72,0.0,1157.43,184.66
ORD-01152,2023-06-13,South,Corporate,Furniture,Chair,7,164.39,0.05,1093.19,30.87
ORD-01370,2023-06-14,West,Consumer,Technology,Phone,3,605.93,0.0,1817.8,306.19
ORD-02513,2023-06-14,South,Consumer,Furniture,Desk,7,326.32,0.1,2055.81,66.88
ORD-00920,2023-06-14,West,Consumer,Technology,Monitor,3,286.81,0.1,774.38,72.89
ORD-02423,2023-06-14,East,Home Office,Technology,Monitor,1,272.45,0.3,190.71,-1.33
ORD-01641,2023-06-15,North,Consumer,Technology,Headphones,3,130.66,0.1,352.77,41.37
ORD-02156,2023-06-15,West,Consumer,Furniture,Desk,1,344.79,0.1,310.31,4.64
ORD-02999,2023-06-16,East,Corporate,Office Supplies,Paper,5,21.08,0.2,84.34,14.7
ORD-00293,2023-06-17,West,Corporate,Furniture,Bookcase,4,196.5,0.1,707.39,2.6
ORD-00893,2023-06-17,North,Corporate,Furniture,Bookcase,7,208.06,0.0,1456.39,155.13
ORD-01235,2023-06-18,South,Consumer,Technology,Monitor,3,286.44,0.0,859.32,151.07
ORD-02982,2023-06-18,South,Home Office,Office Supplies,Binder,5,15.89,0.3,55.61,5.57
ORD-02034,2023-06-19,North,Corporate,Office Supplies,Printer Ink,5,65.01,0.1,292.54,51.15
ORD-00939,2023-06-19,West,Corporate,Technology,Monitor,3,280.33,0.0,840.99,179.21
ORD-00868,2023-06-19,East,Consumer,Office Supplies,Printer Ink,7,58.01,0.0,406.08,121.1
ORD-02567,2023-06-19,East,Home Office,Technology,Laptop,5,982.82,0.0,4914.09,976.26
ORD-01250,2023-06-19,South,Corporate,Furniture,Chair,4,156.68,0.2,501.38,-35.62
ORD-02762,2023-06-20,South,Home Office,Office Supplies,Printer Ink,6,54.8,0.1,295.91,77.61
ORD-02962,2023-06-20,South,Home Office,Furniture,Chair,2,135.49,0.0,270.97,25.37
ORD-00289,2023-06-21,North,Corporate,Furniture,Desk,5,331.73,0.0,1658.66,149.3
ORD-02457,2023-06-21,South,Consumer,Office Supplies,Paper,5,18.54,0.0,92.69,27.09
ORD-01340,2023-06-21,South,Consumer,Technology,Laptop,5,842.23,0.0,4211.14,749.79
ORD-00717,2023-06-22,West,Home Office,Office Supplies,Printer Ink,5,60.89,0.1,273.99,74.96
ORD-01935,2023-06-23,East,Home Office,Technology,Laptop,3,910.0,0.05,2593.51,437.43
ORD-02781,2023-06-24,East,Consumer,Office Supplies,Binder,4,16.03,0.1,57.72,12.49
ORD-00128,2023-06-24,West,Consumer,Office Supplies,Stapler,5,10.92,0.0,54.59,15.8
ORD-00724,2023-06-24,South,Consumer,Office Supplies,Stapler,6,11.44,0.0,68.66,22.2
ORD-01277,2023-06-24,North,Consumer,Office Supplies,Stapler,4,12.72,0.4,30.52,2.27
ORD-02209,2023-06-25,West,Consumer,Technology,Phone,2,613.51,0.0,1227.03,180.14
ORD-02863,2023-06-26,North,Corporate,Office Supplies,Printer Ink,5,62.16,0.0,310.78,102.23
ORD-00864,2023-06-26,East,Home Office,Office Supplies,Binder,5,15.16,0.1,68.22,17.65
ORD-00582,2023-06-27,East,Corporate,Furniture,Bookcase,2,183.08,0.1,329.54,8.96
ORD-00257,2023-06-27,West,Corporate,Furniture,Desk,6,316.96,0.0,1901.75,164.04
ORD-02658,2023-06-28,East,Home Office,Technology,Headphones,5,115.63,0.0,578.15,109.14
ORD-00229,2023-06-28,West,Consumer,Furniture,Desk,5,325.64,0.1,1465.39,11.62
ORD-02482,2023-06-28,North,Consumer,Furniture,Chair,3,164.58,0.2,395.0,-22.43
ORD-00408,2023-06-29,South,Home Office,Furniture,Chair,6,150.27,0.1,811.46,19.37
ORD-01472,2023-06-30,North,Corporate,Office Supplies,Paper,7,21.31,0.0,149.17,45.7
ORD-02415,2023-06-30,North,Consumer,Furniture,Chair,1,144.16,0.1,129.75,1.85
ORD-01251,2023-06-30,South,Corporate,Technology,Monitor,3,294.83,0.0,884.5,167.01
ORD-00160,2023-07-01,East,Corporate,Office Supplies,Paper,2,19.69,0.0,39.38,10.97
ORD-01574,2023-07-02,West,Consumer,Office Supplies,Printer Ink,6,62.9,0.05,358.51,93.06
ORD-02118,2023-07-02,South,Consumer,Technology,Phone,7,611.44,0.1,3852.07,556.75
ORD-00154,2023-07-02,East,Consumer,Technology,Headphones,3,113.14,0.1,305.48,36.3
ORD-02888,2023-07-02,South,Corporate,Office Supplies,Printer Ink,3,55.72,0.2,133.72,21.63
ORD-02021,2023-07-02,South,Home Office,Office Supplies,Paper,2,20.51,0.0,41.02,12.51
ORD-00239,2023-07-03,South,Corporate,Furniture,Chair,6,148.22,0.2,711.43,-18.08
ORD-00635,2023-07-03,North,Corporate,Technology,Headphones,6,118.07,0.1,637.55,84.8
ORD-00403,2023-07-05,West,Consumer,Office Supplies,Binder,3,15.49,0.05,44.14,10.53
ORD-02488,2023-07-06,North,Corporate,Furniture,Chair,6,145.19,0.0,871.11,80.23
ORD-00907,2023-07-06,North,Home Office,Office Supplies,Binder,6,15.64,0.1,84.44,20.07
ORD-00768,2023-07-06,East,Consumer,Office Supplies,Printer Ink,3,62.77,0.1,169.49,41.34
ORD-01516,2023-07-06,North,Consumer,Furniture,Chair,1,154.52,0.0,154.52,7.45
ORD-00732,2023-07-07,South,Corporate,Office Supplies,Printer Ink,2,65.09,0.0,130.17,41.0
ORD-01121,2023-07-07,South,Consumer,Office Supplies,Binder,3,15.3,0.05,43.61,12.86
ORD-00741,2023-07-08,East,Corporate,Technology,Monitor,4,327.48,0.0,1309.91,231.5
ORD-02216,2023-07-11,East,Corporate,Furniture,Chair,6,142.94,0.3,600.34,-54.45
ORD-00607,2023-07-11,West,Corporate,Technology,Laptop,1,961.18,0.3,672.83,7.58
ORD-00059,2023-07-12,North,Corporate,Technology,Laptop,4,970.81,0.05,3689.07,630.42
ORD-01252,2023-07-13,North,Home Office,Technology,Monitor,2,317.34,0.05,602.95,85.97
ORD-00268,2023-07-13,West,Consumer,Office Supplies,Binder,1,16.43,0.0,16.43,4.47
ORD-01106,2023-07-13,West,Consumer,Office Supplies,Stapler,3,11.33,0.2,27.2,5.56
ORD-02190,2023-07-13,West,Consumer,Office Supplies,Paper,7,19.79,0.0,138.54,45.78
ORD-00509,2023-07-14,South,Consumer,Technology,Monitor,5,305.27,0.1,1373.73,185.06
ORD-02004,2023-07-14,South,Consumer,Technology,Headphones,7,121.9,0.0,853.33,160.75
ORD-02780,2023-07-15,East,Consumer,Office Supplies,Stapler,2,12.41,0.1,22.34,5.41
ORD-01392,2023-07-16,East,Consumer,Furniture,Bookcase,1,210.08,0.2,168.06,-6.63
ORD-00362,2023-07-16,East,Consumer,Office Supplies,Stapler,4,11.11,0.0,44.42,14.18
ORD-00098,2023-07-17,East,Consumer,Technology,Phone,4,588.53,0.2,1883.31,109.9
ORD-01684,2023-07-17,North,Consumer,Office Supplies,Paper,1,21.01,0.0,21.01,6.43
ORD-00388,2023-07-18,West,Consumer,Furniture,Bookcase,1,208.25,0.2,166.6,-10.28
ORD-01181,2023-07-18,East,Consumer,Technology,Phone,4,612.99,0.3,1716.36,0.62
ORD-02874,2023-07-18,South,Corporate,Technology,Phone,7,627.11,0.05,4170.28,537.18
ORD-01349,2023-07-18,East,Corporate,Office Supplies,Printer Ink,5,65.72,0.1,295.73,61.09
ORD-00972,2023-07-18,South,Corporate,Furniture,Bookcase,3,196.66,0.2,471.99,-6.37
ORD-02200,2023-07-18,South,Consumer,Technology,Monitor,2,273.89,0.05,520.39,62.45
ORD-02512,2023-07-19,North,Home Office,Furniture,Chair,3,136.32,0.1,368.06,15.94
ORD-02804,2023-07-19,East,Consumer,Furniture,Chair,3,161.07,0.1,434.9,7.82
ORD-00472,2023-07-19,South,Corporate,Office Supplies,Printer Ink,3,60.3,0.0,180.9,58.8
ORD-01764,2023-07-20,West,Consumer,Furniture,Desk,4,325.56,0.1,1172.0,26.39
ORD-00524,2023-07-20,East,Home Office,Furniture,Desk,3,332.15,0.1,896.8,18.35
ORD-00361,2023-07-20,South,Consumer,Furniture,Chair,4,136.17,0.05,517.44,35.48
ORD-00937,2023-07-21,West,Consumer,Office Supplies,Stapler,5,12.72,0.0,63.58,17.01
ORD-00391,2023-07-23,South,Consumer,Office Supplies,Binder,1,16.23,0.05,15.42,3.56
ORD-00208,2023-07-23,West,Home Office,Technology,Headphones,6,116.95,0.0,701.72,122.56
ORD-01254,2023-07-23,West,Consumer,Office Supplies,Printer Ink,1,55.65,0.1,50.08,14.0
ORD-02578,2023-07-24,West,Consumer,Office Supplies,Stapler,2,12.52,0.0,25.05,7.67
ORD-00192,2023-07-24,West,Consumer,Office Supplies,Binder,6,14.73,0.0,88.35,26.25
ORD-02098,2023-07-26,East,Consumer,Office Supplies,Binder,2,15.68,0.3,21.95,3.12
ORD-02398,2023-07-26,West,Consumer,Office Supplies,Stapler,3,12.46,0.0,37.39,10.24
ORD-02420,2023-07-26,East,Corporate,Furniture,Desk,1,329.33,0.3,230.53,-12.08
ORD-00618,2023-07-26,West,Corporate,Furniture,Chair,5,146.91,0.0,734.57,76.69
ORD-02865,2023-07-26,West,Consumer,Furniture,Bookcase,1,188.76,0.0,188.76,7.83
ORD-00217,2023-07-26,South,Corporate,Technology,Phone,7,639.71,0.0,4477.94,784.42
ORD-02593,2023-07-27,South,Corporate,Technology,Headphones,4,123.22,0.3,345.0,-13.98
ORD-00436,2023-07-28,South,Consumer,Furniture,Desk,1,330.03,0.0,330.03,28.01
ORD-00963,2023-07-29,South,Home Office,Technology,Phone,2,641.24,0.2,1025.99,78.68
ORD-01039,2023-07-29,North,Consumer,Office Supplies,Binder,5,14.27,0.4,42.81,2.13
ORD-00804,2023-07-29,West,Corporate,Technology,Laptop,5,945.42,0.1,4254.4,505.73
ORD-02265,2023-07-30,West,Corporate,Technology,Laptop,2,905.58,0.1,1630.05,150.16
ORD-02889,2023-07-31,South,Consumer,Technology,Laptop,2,844.79,0.05,1605.09,239.4
ORD-01531,2023-07-31,South,Consumer,Furniture,Desk,1,379.23,0.0,379.23,29.39
ORD-01414,2023-07-31,South,Consumer,Technology,Phone,7,591.76,0.0,4142.3,744.84
ORD-01886,2023-07-31,East,Home Office,Technology,Phone,6,646.4,0.4,2327.05,-120.75
ORD-00814,2023-07-31,North,Consumer,Furniture,Chair,5,141.14,0.0,705.71,55.91
ORD-01274,2023-08-01,West,Consumer,Technology,Monitor,4,310.55,0.1,1117.96,132.72
ORD-00008,2023-08-02,West,Corporate,Technology,Headphones,6,122.92,0.2,590.0,30.32
ORD-02972,2023-08-02,West,Consumer,Furniture,Desk,3,368.71,0.05,1050.84,62.82
ORD-01673,2023-08-02,West,Consumer,Technology,Laptop,2,838.83,0.0,1677.66,266.7
ORD-01002,2023-08-03,East,Consumer,Office Supplies,Paper,5,18.65,0.2,74.59,12.4
ORD-01051,2023-08-03,East,Consumer,Office Supplies,Stapler,6,12.36,0.2,59.32,9.6
ORD-00036,2023-08-04,East,Home Office,Office Supplies,Printer Ink,2,60.09,0.05,114.17,26.99
ORD-01510,2023-08-06,West,Home Office,Office Supplies,Stapler,6,11.88,0.05,67.7,16.33
ORD-02058,2023-08-06,South,Consumer,Office Supplies,Stapler,4,12.05,0.0,48.21,14.53
ORD-02101,2023-08-06,West,Corporate,Technology,Monitor,1,281.71,0.0,281.71,60.57
ORD-00887,2023-08-06,North,Home Office,Office Supplies,Stapler,4,12.2,0.0,48.79,16.07
ORD-01550,2023-08-06,North,Consumer,Technology,Headphones,7,110.14,0.0,770.98,176.95
ORD-00216,2023-08-06,South,Corporate,Furniture,Chair,6,151.2,0.05,861.83,47.08
ORD-00206,2023-08-07,North,Home Office,Technology,Phone,3,561.71,0.05,1600.89,242.23
ORD-00962,2023-08-07,West,Corporate,Office Supplies,Paper,7,20.63,0.2,115.55,19.5
ORD-00334,2023-08-08,East,Consumer,Furniture,Bookcase,7,204.14,0.0,1429.01,128.66
ORD-01768,2023-08-08,West,Consumer,Technology,Headphones,3,129.78,0.0,389.34,63.34
ORD-02378,2023-08-10,East,Corporate,Technology,Headphones,3,112.21,0.3,235.63,6.01
ORD-00473,2023-08-11,West,Home Office,Furniture,Desk,3,315.99,0.0,947.96,82.2
ORD-00678,2023-08-11,North,Corporate,Technology,Headphones,7,120.95,0.0,846.64,153.56
ORD-00301,2023-08-11,East,Corporate,Furniture,Bookcase,6,212.17,0.05,1209.35,21.66
ORD-01239,2023-08-12,South,Consumer,Office Supplies,Binder,5,15.42,0.0,77.09,25.83
ORD-01802,2023-08-12,West,Home Office,Technology,Monitor,7,284.69,0.0,1992.85,365.6
ORD-01653,2023-08-12,West,Home Office,Technology,Laptop,5,985.02,0.05,4678.86,749.07
ORD-02779,2023-08-12,West,Consumer,Technology,Laptop,1,987.09,0.0,987.09,144.45
ORD-02727,2023-08-14,West,Corporate,Furniture,Bookcase,6,182.96,0.0,1097.76,42.9
ORD-02236,2023-08-14,West,Consumer,Technology,Monitor,7,271.46,0.3,1330.13,-14.36
ORD-00670,2023-08-15,South,Corporate,Furniture,Bookcase,1,218.59,0.0,218.59,14.52
ORD-01188,2023-08-15,West,Corporate,Technology,Monitor,4,271.92,0.0,1087.66,197.23
ORD-00917,2023-08-16,West,Home Office,Furniture,Desk,4,374.98,0.2,1199.93,-34.55
ORD-00340,2023-08-16,East,Corporate,Furniture,Desk,6,376.34,0.05,2145.11,42.0
ORD-01104,2023-08-17,North,Home Office,Office Supplies,Paper,2,20.65,0.05,39.23,10.91
ORD-01116,2023-08-17,North,Corporate,Office Supplies,Printer Ink,5,60.85,0.05,289.05,80.58
ORD-02333,2023-08-17,East,Home Office,Technology,Headphones,5,125.06,0.0,625.29,136.48
ORD-00763,2023-08-17,North,Consumer,Technology,Monitor,6,326.38,0.1,1762.45,217.48
ORD-01053,2023-08-18,South,Corporate,Furniture,Chair,1,156.31,0.05,148.49,5.42
ORD-02012,2023-08-19,West,Corporate,Technology,Monitor,3,285.02,0.2,684.04,55.65
ORD-00049,2023-08-19,East,Home Office,Technology,Monitor,7,270.43,0.1,1703.71,244.14
ORD-00058,2023-08-19,North,Consumer,Technology,Laptop,5,963.76,0.05,4577.88,692.05
ORD-00309,2023-08-19,South,Home Office,Technology,Phone,3,543.67,0.05,1549.47,215.24
ORD-01367,2023-08-19,West,Consumer,Office Supplies,Stapler,7,11.77,0.0,82.42,25.4
ORD-02713,2023-08-19,South,Consumer,Office Supplies,Printer Ink,2,60.78,0.0,121.56,39.52
ORD-00230,2023-08-20,East,Consumer,Furniture,Chair,1,154.65,0.05,146.92,9.3
ORD-00152,2023-08-20,South,Consumer,Furniture,Bookcase,3,201.13,0.2,482.71,-14.74
ORD-01601,2023-08-20,East,Home Office,Office Supplies,Binder,4,15.06,0.0,60.24,18.32
ORD-01756,2023-08-21,East,Home Office,Furniture,Bookcase,1,201.57,0.3,141.1,-19.19
ORD-02007,2023-08-22,South,Corporate,Office Supplies,Printer Ink,5,56.23,0.4,168.7,4.81
ORD-00544,2023-08-22,West,Consumer,Furniture,Desk,2,380.18,0.05,722.34,42.49
ORD-02183,2023-08-23,North,Corporate,Office Supplies,Printer Ink,2,57.48,0.0,114.96,37.0
ORD-02476,2023-08-24,North,Consumer,Technology,Monitor,7,312.57,0.05,2078.59,257.06
ORD-00416,2023-08-24,South,Consumer,Office Supplies,Stapler,5,12.92,0.3,45.23,6.03
ORD-01150,2023-08-25,East,Corporate,Technology,Laptop,3,868.02,0.1,2343.65,306.1
ORD-00203,2023-08-25,East,Consumer,Office Supplies,Paper,6,20.57,0.3,86.39,7.6
ORD-00263,2023-08-25,North,Corporate,Furniture,Desk,3,334.68,0.0,1004.05,102.68
ORD-00805,2023-08-25,East,Home Office,Technology,Laptop,3,831.5,0.0,2494.49,372.7
ORD-02605,2023-08-26,South,Consumer,Office Supplies,Stapler,5,11.48,0.2,45.93,8.77
ORD-00127,2023-08-26,West,Consumer,Technology,Phone,2,648.23,0.1,1166.81,161.81
ORD-00461,2023-08-27,North,Consumer,Office Supplies,Stapler,4,11.42,0.05,43.41,12.2
ORD-02516,2023-08-28,East,Home Office,Technology,Monitor,2,308.11,0.1,554.59,59.15
ORD-00260,2023-08-29,South,Home Office,Technology,Laptop,5,873.26,0.05,4147.98,623.47
ORD-02890,2023-08-29,South,Corporate,Office Supplies,Printer Ink,3,62.2,0.4,111.96,6.68
ORD-01164,2023-08-30,South,Corporate,Office Supplies,Printer Ink,5,54.91,0.0,274.55,90.83
ORD-02048,2023-08-30,South,Consumer,Technology,Headphones,4,120.6,0.05,458.29,87.89
ORD-00375,2023-08-31,South,Consumer,Furniture,Chair,7,138.71,0.0,970.98,108.07
ORD-01528,2023-08-31,North,Corporate,Technology,Headphones,6,108.56,0.1,586.21,77.08
ORD-02952,2023-08-31,East,Corporate,Furniture,Chair,2,158.7,0.05,301.53,18.13
ORD-00468,2023-09-01,North,Home Office,Furniture,Desk,4,321.11,0.0,1284.44,124.8
ORD-02911,2023-09-02,East,Corporate,Technology,Headphones,5,108.55,0.05,515.63,86.18
ORD-02902,2023-09-02,North,Corporate,Technology,Headphones,7,120.14,0.0,841.0,146.26
ORD-00848,2023-09-03,South,Consumer,Technology,Phone,6,542.78,0.0,3256.68,455.46
ORD-02375,2023-09-03,North,Home Office,Office Supplies,Binder,2,14.57,0.05,27.69,7.87
ORD-00761,2023-09-04,South,Home Office,Furniture,Bookcase,1,183.34,0.1,165.01,7.84
ORD-01989,2023-09-04,East,Consumer,Technology,Monitor,5,324.28,0.0,1621.4,257.8
ORD-02359,2023-09-04,West,Home Office,Office Supplies,Binder,3,15.0,0.05,42.75,11.33
ORD-01914,2023-09-04,North,Consumer,Furniture,Bookcase,5,214.41,0.4,643.22,-79.03
ORD-02382,2023-09-04,East,Consumer,Office Supplies,Binder,1,15.44,0.1,13.9,3.87
ORD-02525,2023-09-05,West,Corporate,Office Supplies,Printer Ink,1,55.55,0.1,50.0,12.61
ORD-00551,2023-09-05,East,Consumer,Office Supplies,Printer Ink,3,63.02,0.05,179.6,43.8
ORD-02173,2023-09-06,South,Home Office,Technology,Headphones,6,120.82,0.1,652.45,77.01
ORD-01003,2023-09-07,North,Consumer,Technology,Phone,1,611.85,0.05,581.26,71.81
ORD-00090,2023-09-07,North,Corporate,Office Supplies,Binder,6,14.61,0.05,83.3,24.95
ORD-00194,2023-09-08,North,Home Office,Office Supplies,Paper,3,18.99,0.0,56.97,15.75
ORD-00984,2023-09-08,East,Consumer,Furniture,Chair,5,158.21,0.05,751.5,22.97
ORD-02008,2023-09-08,West,Consumer,Office Supplies,Paper,6,20.89,0.4,75.21,6.43
ORD-01110,2023-09-09,East,Consumer,Furniture,Chair,7,139.64,0.05,928.58,37.38
ORD-01442,2023-09-09,South,Corporate,Office Supplies,Paper,3,18.28,0.05,52.09,15.53
ORD-01963,2023-09-09,West,Corporate,Technology,Monitor,5,279.44,0.05,1327.32,193.51
ORD-00267,2023-09-09,North,Home Office,Office Supplies,Binder,5,14.63,0.0,73.16,24.51
ORD-01153,2023-09-09,East,Consumer,Furniture,Desk,1,323.38,0.1,291.04,1.94
ORD-02682,2023-09-09,East,Consumer,Technology,Phone,2,565.52,0.3,791.73,-28.96
ORD-01783,2023-09-09,West,Home Office,Office Supplies,Binder,4,14.03,0.0,56.13,17.16
ORD-00522,2023-09-09,South,Corporate,Technology,Phone,7,653.69,0.3,3203.08,-67.02
ORD-02950,2023-09-09,East,Corporate,Furniture,Desk,7,348.31,0.2,1950.51,-47.01
ORD-01842,2023-09-10,West,Home Office,Technology,Laptop,7,960.5,0.1,6051.17,747.6
ORD-00028,2023-09-10,North,Consumer,Office Supplies,Printer Ink,4,58.6,0.0,234.38,71.85
ORD-01518,2023-09-10,South,Corporate,Office Supplies,Stapler,1,12.51,0.05,11.88,2.87
ORD-00441,2023-09-11,East,Consumer,Technology,Phone,2,583.52,0.1,1050.34,107.4
ORD-02915,2023-09-11,East,Consumer,Office Supplies,Stapler,1,13.12,0.0,13.12,4.18
ORD-01903,2023-09-12,North,Home Office,Office Supplies,Stapler,7,11.91,0.05,79.22,20.9
ORD-01395,2023-09-12,North,Corporate,Furniture,Chair,2,138.59,0.3,194.03,-20.48
ORD-00702,2023-09-12,West,Corporate,Office Supplies,Printer Ink,2,57.11,0.1,102.8,23.89
ORD-02208,2023-09-13,North,Consumer,Technology,Monitor,5,317.39,0.0,1586.93,256.4
ORD-02956,2023-09-14,North,Corporate,Furniture,Desk,6,351.9,0.0,2111.38,211.12
ORD-00374,2023-09-15,South,Corporate,Furniture,Chair,5,151.26,0.0,756.29,27.69
ORD-01433,2023-09-15,North,Consumer,Furniture,Bookcase,7,218.46,0.1,1376.31,61.44
ORD-02441,2023-09-19,North,Consumer,Office Supplies,Paper,1,18.92,0.1,17.03,3.6
ORD-01329,2023-09-19,South,Consumer,Office Supplies,Binder,6,16.35,0.05,93.2,23.19
ORD-02988,2023-09-19,North,Corporate,Office Supplies,Paper,2,21.97,0.05,41.75,9.67
ORD-00926,2023-09-19,North,Corporate,Furniture,Bookcase,3,211.6,0.1,571.32,12.26
ORD-00953,2023-09-20,South,Consumer,Office Supplies,Stapler,4,13.14,0.05,49.92,12.33
ORD-02922,2023-09-20,East,Corporate,Office Supplies,Paper,3,19.7,0.05,56.13,15.95
ORD-00088,2023-09-20,South,Corporate,Furniture,Bookcase,5,204.72,0.0,1023.6,110.49
ORD-02770,2023-09-21,North,Corporate,Office Supplies,Paper,7,20.79,0.0,145.5,37.49
ORD-01660,2023-09-21,North,Home Office,Office Supplies,Stapler,7,11.58,0.1,72.96,18.7
ORD-02880,2023-09-21,North,Home Office,Furniture,Desk,2,362.73,0.0,725.45,50.73
ORD-00777,2023-09-22,East,Consumer,Technology,Monitor,3,314.85,0.0,944.56,197.65
ORD-00888,2023-09-23,North,Home Office,Office Supplies,Stapler,3,11.83,0.3,24.84,3.05
ORD-02109,2023-09-23,East,Corporate,Office Supplies,Paper,5,19.47,0.1,87.6,20.06
ORD-02520,2023-09-23,South,Corporate,Furniture,Bookcase,6,186.8,0.0,1120.77,115.88
ORD-01359,2023-09-23,East,Corporate,Office Supplies,Binder,5,14.12,0.0,70.6,20.7
ORD-00537,2023-09-24,South,Corporate,Office Supplies,Paper,6,19.97,0.05,113.82,29.41
ORD-00967,2023-09-24,South,Corporate,Technology,Headphones,1,120.08,0.0,120.08,20.3
ORD-00174,2023-09-25,West,Corporate,Office Supplies,Paper,1,19.87,0.4,11.92,0.94
ORD-00797,2023-09-26,West,Home Office,Office Supplies,Printer Ink,1,57.33,0.0,57.33,17.0
ORD-00924,2023-09-26,East,Consumer,Technology,Phone,7,581.12,0.3,2847.5,13.23
ORD-00265,2023-09-26,South,Home Office,Technology,Headphones,7,108.09,0.0,756.65,122.12
ORD-02695,2023-09-27,North,Home Office,Technology,Phone,4,650.51,0.1,2341.85,319.62
ORD-00538,2023-09-27,South,Corporate,Technology,Laptop,2,825.03,0.2,1320.05,73.24
ORD-02587,2023-09-27,West,Consumer,Technology,Laptop,2,959.31,0.0,1918.61,352.64
ORD-01297,2023-09-27,West,Consumer,Office Supplies,Stapler,1,12.24,0.0,12.24,3.99
ORD-02809,2023-09-27,South,Consumer,Office Supplies,Printer Ink,2,55.59,0.0,111.17,33.4
ORD-01844,2023-09-29,East,Corporate,Furniture,Desk,4,359.12,0.1,1292.82,27.61
ORD-00083,2023-09-29,South,Consumer,Office Supplies,Paper,4,21.16,0.1,76.19,19.6
ORD-01163,2023-09-30,West,Corporate,Furniture,Desk,5,379.66,0.0,1898.29,162.91
ORD-01099,2023-09-30,West,Consumer,Office Supplies,Binder,2,14.73,0.05,27.99,7.15
ORD-02724,2023-09-30,North,Corporate,Office Supplies,Printer Ink,1,62.88,0.0,62.88,19.64
ORD-02943,2023-10-01,West,Consumer,Office Supplies,Stapler,2,12.29,0.0,24.57,7.68
ORD-01469,2023-10-01,South,Consumer,Technology,Laptop,6,906.18,0.0,5437.09,1223.97
ORD-01761,2023-10-02,West,Home Office,Furniture,Chair,5,138.39,0.05,657.36,43.44
ORD-01780,2023-10-03,East,Consumer,Furniture,Chair,6,163.49,0.05,931.91,38.25
ORD-01589,2023-10-03,South,Home Office,Office Supplies,Printer Ink,4,59.09,0.05,224.56,59.28
ORD-01266,2023-10-03,South,Corporate,Furniture,Desk,2,370.85,0.1,667.54,6.73
ORD-02185,2023-10-03,West,Consumer,Office Supplies,Stapler,7,10.81,0.0,75.69,22.52
ORD-02340,2023-10-03,East,Consumer,Furniture,Chair,4,152.85,0.1,550.25,0.79
ORD-02708,2023-10-04,West,Consumer,Technology,Laptop,2,856.46,0.05,1627.27,180.44
ORD-00130,2023-10-04,West,Home Office,Furniture,Bookcase,2,200.35,0.05,380.67,22.74
ORD-00351,2023-10-05,West,Consumer,Technology,Monitor,5,320.39,0.05,1521.83,260.08
ORD-01224,2023-10-06,East,Corporate,Technology,Phone,5,600.81,0.1,2703.65,349.61
ORD-00515,2023-10-07,East,Home Office,Office Supplies,Paper,4,18.96,0.1,68.27,15.24
ORD-00807,2023-10-07,North,Corporate,Office Supplies,Printer Ink,4,62.01,0.3,173.62,16.99
ORD-02547,2023-10-07,East,Consumer,Office Supplies,Paper,5,19.71,0.0,98.57,28.45
ORD-00453,2023-10-08,East,Consumer,Technology,Phone,6,547.02,0.1,2953.93,313.0
ORD-00271,2023-10-10,West,Corporate,Office Supplies,Paper,1,18.37,0.0,18.37,5.59
ORD-02316,2023-10-10,North,Corporate,Technology,Phone,5,543.2,0.1,2444.4,249.74
ORD-01974,2023-10-10,West,Consumer,Office Supplies,Stapler,7,11.68,0.0,81.73,20.79
ORD-02742,2023-10-10,East,Corporate,Office Supplies,Paper,2,18.94,0.2,30.31,5.72
ORD-01525,2023-10-11,West,Corporate,Office Supplies,Stapler,4,12.06,0.0,48.23,14.96
ORD-01184,2023-10-11,East,Consumer,Office Supplies,Binder,7,14.24,0.1,89.7,23.81
ORD-01597,2023-10-11,South,Consumer,Technology,Headphones,6,117.3,0.2,563.05,44.15
ORD-01238,2023-10-12,East,Consumer,Furniture,Chair,7,158.55,0.0,1109.84,103.04
ORD-01543,2023-10-12,West,Consumer,Furniture,Desk,3,357.51,0.0,1072.54,79.91
ORD-01123,2023-10-12,West,Corporate,Furniture,Desk,5,362.57,0.3,1268.99,-70.2
ORD-01183,2023-10-12,North,Home Office,Furniture,Bookcase,2,214.62,0.0,429.24,34.44
ORD-00114,2023-10-13,South,Consumer,Furniture,Desk,4,343.23,0.1,1235.62,11.95
ORD-01943,2023-10-13,South,Corporate,Office Supplies,Binder,3,14.4,0.0,43.19,12.14
ORD-01015,2023-10-13,North,Home Office,Furniture,Chair,5,151.87,0.0,759.33,75.21
ORD-01895,2023-10-13,West,Corporate,Furniture,Bookcase,2,206.78,0.2,330.85,-3.19
ORD-02112,2023-10-14,South,Corporate,Office Supplies,Binder,5,15.4,0.05,73.15,19.15
ORD-00586,2023-10-14,South,Corporate,Furniture,Bookcase,7,217.58,0.0,1523.08,131.5
ORD-00850,2023-10-15,South,Home Office,Furniture,Bookcase,5,216.16,0.1,972.71,8.86
ORD-01911,2023-10-15,South,Consumer,Furniture,Desk,1,339.94,0.0,339.94,27.31
ORD-00195,2023-10-16,West,Corporate,Furniture,Desk,4,355.89,0.0,1423.56,159.15
ORD-00942,2023-10-17,South,Consumer,Technology,Laptop,2,867.87,0.1,1562.16,232.04
ORD-02313,2023-10-18,East,Home Office,Office Supplies,Stapler,3,10.93,0.05,31.16,8.7
ORD-01833,2023-10-19,West,Home Office,Office Supplies,Binder,6,15.34,0.2,73.63,12.89
ORD-02083,2023-10-19,South,Consumer,Technology,Laptop,1,958.45,0.05,910.53,123.19
ORD-00552,2023-10-19,West,Corporate,Furniture,Desk,6,378.62,0.1,2044.55,39.23
ORD-00281,2023-10-20,North,Consumer,Technology,Laptop,5,863.04,0.4,2589.11,-67.31
ORD-02736,2023-10-20,East,Corporate,Office Supplies,Binder,6,15.96,0.1,86.2,17.5
ORD-02969,2023-10-22,West,Consumer,Office Supplies,Binder,2,14.27,0.4,17.12,1.25
ORD-01462,2023-10-22,North,Consumer,Furniture,Desk,3,364.44,0.1,984.0,40.59
ORD-02808,2023-10-23,West,Corporate,Technology,Laptop,7,936.58,0.1,5900.44,829.25
ORD-00455,2023-10-23,North,Consumer,Office Supplies,Binder,5,15.53,0.3,54.37,6.75
ORD-01644,2023-10-25,South,Consumer,Technology,Phone,7,545.98,0.0,3821.87,609.87
ORD-00715,2023-10-25,East,Corporate,Office Supplies,Stapler,5,10.95,0.0,54.76,15.59
ORD-02203,2023-10-26,West,Home Office,Furniture,Chair,1,143.39,0.1,129.05,0.47
ORD-00898,2023-10-26,West,Home Office,Technology,Phone,2,657.92,0.2,1052.67,43.39
ORD-02077,2023-10-27,North,Corporate,Technology,Monitor,6,310.94,0.05,1772.37,283.19
ORD-02747,2023-10-27,South,Corporate,Office Supplies,Stapler,1,11.73,0.05,11.15,3.09
ORD-00979,2023-10-28,East,Consumer,Office Supplies,Stapler,7,12.75,0.2,71.38,14.76
ORD-00662,2023-10-28,South,Consumer,Office Supplies,Paper,4,18.93,0.1,68.15,17.27
ORD-01336,2023-10-28,West,Corporate,Technology,Laptop,1,926.66,0.0,926.66,172.97
ORD-00766,2023-10-29,South,Consumer,Furniture,Desk,6,380.39,0.0,2282.33,146.74
ORD-01471,2023-10-29,East,Consumer,Technology,Monitor,5,293.41,0.1,1320.35,180.01
ORD-02281,2023-10-29,North,Corporate,Furniture,Desk,6,351.17,0.0,2107.04,167.69
ORD-01627,2023-10-30,East,Consumer,Furniture,Chair,2,153.31,0.0,306.61,26.13
ORD-01887,2023-10-30,West,Consumer,Office Supplies,Printer Ink,1,63.81,0.3,44.67,4.98
ORD-01696,2023-10-30,North,Home Office,Furniture,Desk,4,354.58,0.0,1418.31,82.53
ORD-01368,2023-10-30,South,Consumer,Technology,Headphones,4,117.68,0.1,423.66,47.28
ORD-01404,2023-10-31,North,Consumer,Furniture,Desk,6,381.34,0.0,2288.01,216.47
ORD-00035,2023-10-31,South,Corporate,Office Supplies,Stapler,5,13.11,0.2,52.43,9.36
ORD-02397,2023-10-31,North,Corporate,Furniture,Bookcase,6,211.87,0.0,1271.21,146.34
ORD-02223,2023-11-01,East,Consumer,Technology,Headphones,4,116.91,0.4,280.58,-28.18
ORD-00588,2023-11-02,East,Corporate,Office Supplies,Printer Ink,2,59.55,0.05,113.15,31.14
ORD-01596,2023-11-02,West,Corporate,Furniture,Chair,7,148.85,0.0,1041.94,84.98
ORD-02123,2023-11-03,West,Home Office,Office Supplies,Paper,4,20.97,0.05,79.7,24.43
ORD-01109,2023-11-03,North,Corporate,Furniture,Chair,3,139.87,0.0,419.61,38.13
ORD-01195,2023-11-03,East,Corporate,Furniture,Chair,5,149.69,0.05,711.03,45.61
ORD-02477,2023-11-03,West,Consumer,Furniture,Desk,3,373.83,0.2,897.2,-30.22
ORD-00443,2023-11-03,South,Consumer,Furniture,Chair,2,150.41,0.0,300.82,29.32
ORD-01276,2023-11-04,South,Consumer,Furniture,Chair,3,148.45,0.05,423.08,2.82
ORD-01444,2023-11-05,West,Home Office,Technology,Phone,6,634.31,0.05,3615.57,492.7
ORD-00025,2023-11-05,West,Home Office,Technology,Laptop,2,851.44,0.1,1532.59,243.32
ORD-01590,2023-11-05,North,Consumer,Technology,Laptop,4,929.19,0.0,3716.76,617.69
ORD-02583,2023-11-05,West,Consumer,Office Supplies,Binder,5,16.37,0.1,73.67,19.21
ORD-00198,2023-11-06,South,Consumer,Technology,Phone,2,553.37,0.05,1051.4,149.4
ORD-01628,2023-11-06,South,Corporate,Technology,Headphones,7,114.76,0.3,562.34,13.47
ORD-01232,2023-11-06,West,Corporate,Office Supplies,Binder,3,14.64,0.1,39.51,8.5
ORD-02245,2023-11-07,South,Home Office,Office Supplies,Stapler,4,12.7,0.1,45.73,11.2
ORD-00884,2023-11-07,North,Corporate,Office Supplies,Printer Ink,7,56.06,0.3,274.71,30.0
ORD-02616,2023-11-07,East,Consumer,Furniture,Bookcase,5,217.71,0.05,1034.14,60.71
ORD-01519,2023-11-08,South,Consumer,Technology,Laptop,2,956.91,0.1,1722.45,251.09
ORD-02327,2023-11-08,North,Home Office,Office Supplies,Stapler,3,11.99,0.0,35.97,11.03
ORD-00418,2023-11-08,West,Corporate,Technology,Laptop,4,977.36,0.1,3518.49,469.89
ORD-01511,2023-11-08,South,Consumer,Furniture,Chair,1,155.52,0.05,147.75,4.27
ORD-02639,2023-11-08,West,Consumer,Office Supplies,Binder,4,13.64,0.3,38.19,5.43
ORD-01046,2023-11-08,East,Consumer,Technology,Monitor,6,314.76,0.1,1699.68,170.18
ORD-02421,2023-11-08,South,Home Office,Furniture,Desk,5,352.39,0.1,1585.74,50.6
ORD-00851,2023-11-09,East,Corporate,Technology,Laptop,2,968.88,0.4,1162.65,-82.2
ORD-00212,2023-11-09,East,Corporate,Office Supplies,Paper,4,19.7,0.1,70.93,18.17
ORD-02288,2023-11-09,West,Consumer,Furniture,Bookcase,1,188.65,0.0,188.65,15.17
ORD-01643,2023-11-10,North,Consumer,Technology,Monitor,3,310.55,0.0,931.65,161.21
ORD-02081,2023-11-10,North,Corporate,Office Supplies,Printer Ink,6,54.76,0.0,328.57,99.23
ORD-00050,2023-11-10,South,Corporate,Office Supplies,Paper,3,21.54,0.05,61.38,18.31
ORD-00897,2023-11-11,South,Consumer,Furniture,Bookcase,4,210.27,0.1,756.97,14.74
ORD-00681,2023-11-11,West,Corporate,Technology,Monitor,6,315.32,0.0,1891.92,326.41
ORD-00435,2023-11-11,East,Home Office,Office Supplies,Printer Ink,6,57.67,0.05,328.71,98.65
ORD-01449,2023-11-11,West,Consumer,Technology,Phone,1,558.95,0.0,558.95,114.5
ORD-02130,2023-11-11,North,Consumer,Technology,Laptop,5,952.02,0.2,3808.1,80.25
ORD-01946,2023-11-11,West,Corporate,Office Supplies,Stapler,1,12.1,0.2,9.68,1.56
ORD-01751,2023-11-11,North,Consumer,Furniture,Desk,1,339.0,0.05,322.05,20.58
ORD-00331,2023-11-12,North,Home Office,Technology,Headphones,5,124.46,0.1,560.09,64.68
ORD-02442,2023-11-12,East,Corporate,Office Supplies,Binder,1,15.86,0.0,15.86,5.11
ORD-01057,2023-11-12,East,Corporate,Office Supplies,Printer Ink,4,62.84,0.1,226.24,52.94
ORD-01915,2023-11-12,South,Consumer,Office Supplies,Printer Ink,1,60.73,0.1,54.66,13.69
ORD-00111,2023-11-12,South,Consumer,Technology,Laptop,7,943.6,0.05,6274.95,967.36
ORD-01867,2023-11-13,North,Consumer,Technology,Headphones,6,127.6,0.2,612.47,24.85
ORD-02897,2023-11-13,West,Home Office,Office Supplies,Binder,4,14.69,0.0,58.76,16.26
ORD-00869,2023-11-13,South,Corporate,Furniture,Desk,3,323.19,0.0,969.58,59.89
ORD-02284,2023-11-13,East,Corporate,Technology,Laptop,1,903.05,0.05,857.89,152.59
ORD-01247,2023-11-14,West,Consumer,Technology,Phone,1,642.79,0.0,642.79,102.22
ORD-01434,2023-11-15,West,Corporate,Office Supplies,Binder,7,15.93,0.2,89.2,18.42
ORD-02746,2023-11-15,North,Corporate,Technology,Laptop,3,818.53,0.05,2332.8,310.75
ORD-02931,2023-11-16,North,Consumer,Technology,Laptop,1,922.75,0.0,922.75,189.04
ORD-01236,2023-11-16,South,Corporate,Furniture,Bookcase,1,201.5,0.0,201.5,13.62
ORD-00736,2023-11-16,West,Corporate,Technology,Phone,2,651.05,0.0,1302.09,249.72
ORD-00969,2023-11-16,West,Corporate,Technology,Monitor,5,291.65,0.05,1385.34,194.79
ORD-00935,2023-11-16,East,Consumer,Technology,Headphones,7,126.82,0.0,887.71,152.59
ORD-01179,2023-11-17,North,Home Office,Office Supplies,Printer Ink,5,62.32,0.4,186.97,11.22
ORD-01620,2023-11-17,South,Consumer,Technology,Monitor,7,306.55,0.1,1931.28,256.01
ORD-02637,2023-11-18,East,Consumer,Office Supplies,Binder,1,15.54,0.1,13.99,3.2
ORD-00535,2023-11-18,South,Consumer,Office Supplies,Stapler,4,12.88,0.4,30.91,2.37
ORD-02326,2023-11-18,North,Consumer,Office Supplies,Binder,7,16.23,0.0,113.6,33.43
ORD-02844,2023-11-18,West,Consumer,Furniture,Chair,7,146.75,0.0,1027.23,80.07
ORD-01663,2023-11-19,East,Corporate,Technology,Headphones,7,121.88,0.05,810.5,97.12
ORD-02997,2023-11-19,South,Home Office,Office Supplies,Printer Ink,6,62.35,0.0,374.11,107.41
ORD-00993,2023-11-20,North,Consumer,Furniture,Desk,3,377.13,0.0,1131.4,124.5
ORD-01762,2023-11-20,West,Consumer,Office Supplies,Stapler,4,12.49,0.0,49.97,13.49
ORD-01221,2023-11-20,South,Home Office,Technology,Headphones,3,119.83,0.1,323.54,31.14
ORD-00854,2023-11-20,East,Home Office,Office Supplies,Paper,5,20.1,0.3,70.36,6.88
ORD-02497,2023-11-20,West,Consumer,Furniture,Bookcase,3,186.61,0.0,559.84,22.71
ORD-01615,2023-11-21,North,Consumer,Technology,Monitor,7,320.74,0.0,2245.17,449.04
ORD-02093,2023-11-22,East,Consumer,Furniture,Desk,5,359.61,0.1,1618.25,-69.06
ORD-01300,2023-11-22,South,Consumer,Furniture,Bookcase,5,187.11,0.1,841.98,9.56
ORD-00070,2023-11-22,West,Corporate,Technology,Phone,7,618.02,0.1,3893.5,441.85
ORD-01234,2023-11-22,South,Corporate,Technology,Laptop,7,947.37,0.1,5968.45,838.18
ORD-01366,2023-11-22,North,Home Office,Furniture,Chair,2,137.71,0.05,261.65,6.26
ORD-02519,2023-11-23,South,Home Office,Office Supplies,Paper,5,20.9,0.1,94.05,21.65
ORD-01508,2023-11-23,North,Corporate,Office Supplies,Binder,5,15.59,0.0,77.94,23.98
ORD-01230,2023-11-23,North,Corporate,Office Supplies,Printer Ink,1,56.68,0.05,53.85,15.72
ORD-01979,2023-11-23,North,Corporate,Office Supplies,Paper,6,20.88,0.3,87.68,13.22
ORD-02277,2023-11-24,South,Consumer,Office Supplies,Printer Ink,7,61.89,0.0,433.23,116.7
ORD-00790,2023-11-24,South,Home Office,Technology,Laptop,6,943.72,0.1,5096.06,764.24
ORD-02784,2023-11-24,North,Consumer,Technology,Laptop,3,845.91,0.0,2537.74,431.94
ORD-01737,2023-11-24,East,Consumer,Technology,Headphones,5,124.4,0.05,590.89,97.29
ORD-02875,2023-11-24,South,Corporate,Furniture,Desk,7,369.31,0.1,2326.64,62.9
ORD-01792,2023-11-24,South,Consumer,Technology,Monitor,7,312.2,0.0,2185.43,488.38
ORD-00481,2023-11-25,South,Corporate,Office Supplies,Printer Ink,7,64.75,0.1,407.95,96.74
ORD-01834,2023-11-25,West,Home Office,Furniture,Chair,5,154.7,0.1,696.15,20.43
ORD-01096,2023-11-26,North,Corporate,Office Supplies,Paper,1,20.64,0.0,20.64,6.15
ORD-01436,2023-11-26,South,Consumer,Office Supplies,Printer Ink,4,56.61,0.0,226.46,68.08
ORD-01178,2023-11-27,West,Consumer,Office Supplies,Binder,4,15.83,0.0,63.31,19.12
ORD-01721,2023-11-27,East,Consumer,Furniture,Chair,6,144.83,0.0,869.01,68.59
ORD-01975,2023-11-27,West,Home Office,Furniture,Chair,7,164.25,0.2,919.8,-72.17
ORD-02827,2023-11-27,West,Home Office,Technology,Headphones,2,112.64,0.0,225.27,44.12
ORD-01196,2023-11-28,East,Home Office,Technology,Phone,4,557.97,0.3,1562.31,26.31
ORD-02885,2023-11-29,East,Consumer,Technology,Headphones,2,115.4,0.1,207.72,26.37
ORD-02830,2023-11-29,North,Home Office,Office Supplies,Binder,6,14.66,0.05,83.58,22.64
ORD-01810,2023-11-29,South,Consumer,Furniture,Desk,7,330.88,0.0,2316.14,185.22
ORD-02941,2023-11-29,North,Corporate,Office Supplies,Paper,6,19.52,0.3,82.0,10.34
ORD-02464,2023-11-29,East,Home Office,Technology,Monitor,2,270.93,0.2,433.49,22.32
ORD-01940,2023-11-30,East,Consumer,Office Supplies,Printer Ink,3,60.76,0.2,145.82,31.16
ORD-01924,2023-12-01,North,Home Office,Furniture,Bookcase,7,204.17,0.1,1286.28,32.71
ORD-01656,2023-12-01,North,Consumer,Office Supplies,Printer Ink,3,59.54,0.4,107.17,4.98
ORD-01856,2023-12-01,East,Consumer,Furniture,Chair,2,164.49,0.3,230.29,-18.19
ORD-01456,2023-12-02,East,Home Office,Technology,Laptop,2,931.17,0.0,1862.34,259.33
ORD-02750,2023-12-02,West,Consumer,Technology,Headphones,4,126.97,0.0,507.86,91.35
ORD-00487,2023-12-02,South,Consumer,Office Supplies,Stapler,6,13.07,0.05,74.52,18.8
ORD-02659,2023-12-02,East,Consumer,Office Supplies,Binder,1,15.73,0.0,15.73,4.91
ORD-01575,2023-12-02,East,Consumer,Technology,Headphones,7,111.04,0.2,621.81,56.9
ORD-00038,2023-12-03,West,Consumer,Technology,Headphones,4,111.1,0.1,399.97,49.12
ORD-02715,2023-12-03,East,Consumer,Technology,Laptop,4,911.19,0.0,3644.75,585.55
ORD-02517,2023-12-03,East,Corporate,Technology,Headphones,3,127.02,0.0,381.05,48.88
ORD-00755,2023-12-04,South,Corporate,Furniture,Bookcase,4,188.02,0.2,601.66,-0.52
ORD-01483,2023-12-04,South,Corporate,Technology,Phone,1,639.19,0.0,639.19,120.96
ORD-01890,2023-12-04,South,Corporate,Technology,Monitor,4,307.77,0.3,861.76,-5.1
ORD-01667,2023-12-04,South,Consumer,Furniture,Bookcase,3,184.98,0.3,388.47,-46.97
ORD-00015,2023-12-04,South,Home Office,Office Supplies,Stapler,1,12.03,0.0,12.03,3.56
ORD-02622,2023-12-05,North,Consumer,Office Supplies,Printer Ink,7,55.09,0.4,231.36,15.61
ORD-01467,2023-12-05,West,Corporate,Office Supplies,Stapler,6,11.57,0.1,62.46,15.61
ORD-00162,2023-12-06,West,Consumer,Technology,Laptop,7,927.73,0.0,6494.13,980.44
ORD-00205,2023-12-06,East,Corporate,Furniture,Bookcase,7,200.38,0.1,1262.39,18.7
ORD-02707,2023-12-06,North,Consumer,Office Supplies,Printer Ink,7,56.47,0.0,395.27,111.88
ORD-01741,2023-12-07,South,Corporate,Technology,Headphones,2,119.85,0.1,215.73,29.05
ORD-00827,2023-12-07,East,Home Office,Furniture,Bookcase,5,202.72,0.0,1013.6,67.31
ORD-01850,2023-12-07,North,Consumer,Technology,Laptop,3,949.8,0.05,2706.94,353.87
ORD-02514,2023-12-08,South,Home Office,Technology,Phone,3,652.23,0.1,1761.02,225.56
ORD-00242,2023-12-08,West,Consumer,Office Supplies,Printer Ink,5,63.79,0.05,303.03,79.52
ORD-02607,2023-12-08,South,Consumer,Office Supplies,Binder,6,16.34,0.05,93.15,24.86
ORD-00312,2023-12-08,North,Consumer,Furniture,Desk,7,364.1,0.0,2548.69,153.46
ORD-02846,2023-12-08,West,Home Office,Office Supplies,Printer Ink,7,60.54,0.0,423.76,127.01
ORD-00555,2023-12-08,East,Consumer,Office Supplies,Printer Ink,4,61.06,0.05,232.04,63.71
ORD-00073,2023-12-09,East,Consumer,Office Supplies,Stapler,5,11.66,0.0,58.31,17.5
ORD-02352,2023-12-10,West,Consumer,Office Supplies,Binder,3,14.58,0.1,39.37,10.49
ORD-00692,2023-12-10,South,Consumer,Technology,Monitor,5,276.84,0.3,968.93,5.28
ORD-00643,2023-12-10,South,Consumer,Technology,Phone,1,580.56,0.0,580.56,100.69
ORD-02481,2023-12-10,West,Home Office,Technology,Headphones,5,108.29,0.1,487.29,52.75
ORD-01440,2023-12-11,West,Corporate,Technology,Monitor,4,278.3,0.2,890.56,50.44
ORD-01604,2023-12-11,South,Home Office,Office Supplies,Binder,4,15.69,0.0,62.76,17.43
ORD-01554,2023-12-11,West,Consumer,Technology,Laptop,4,960.52,0.3,2689.45,-85.5
ORD-00282,2023-12-12,West,Home Office,Technology,Monitor,5,300.29,0.4,900.88,-58.3
ORD-00254,2023-12-12,East,Consumer,Technology,Monitor,6,295.47,0.0,1772.82,310.88
ORD-01813,2023-12-12,East,Consumer,Office Supplies,Printer Ink,5,60.86,0.1,273.85,56.18
ORD-02416,2023-12-12,East,Consumer,Technology,Monitor,3,303.86,0.2,729.25,49.03
ORD-02381,2023-12-13,North,Consumer,Office Supplies,Printer Ink,2,55.47,0.05,105.4,29.92
ORD-00653,2023-12-13,West,Corporate,Technology,Monitor,5,323.14,0.1,1454.13,171.26
ORD-01685,2023-12-13,West,Home Office,Furniture,Bookcase,3,219.4,0.0,658.21,59.16
ORD-00426,2023-12-13,North,Consumer,Technology,Headphones,6,112.44,0.1,607.17,86.86
ORD-02099,2023-12-13,West,Home Office,Office Supplies,Binder,5,15.12,0.05,71.83,21.9
ORD-02686,2023-12-14,East,Consumer,Technology,Laptop,5,914.37,0.0,4571.84,873.77
ORD-01546,2023-12-15,East,Consumer,Office Supplies,Stapler,1,11.44,0.4,6.86,0.5
ORD-01541,2023-12-15,East,Corporate,Technology,Phone,3,556.72,0.4,1002.09,-94.69
ORD-02119,2023-12-15,West,Consumer,Furniture,Desk,5,365.71,0.0,1828.57,232.08
ORD-01090,2023-12-15,South,Home Office,Technology,Laptop,4,904.42,0.05,3436.8,522.74
ORD-00191,2023-12-15,South,Consumer,Technology,Phone,4,590.85,0.0,2363.42,476.67
ORD-00415,2023-12-15,South,Home Office,Technology,Phone,4,657.65,0.4,1578.35,-108.59
ORD-00700,2023-12-16,South,Home Office,Office Supplies,Stapler,2,10.85,0.05,20.62,5.12
ORD-00770,2023-12-16,South,Consumer,Office Supplies,Paper,7,19.95,0.1,125.69,28.72
ORD-01983,2023-12-16,East,Home Office,Technology,Phone,1,616.61,0.1,554.95,83.96
ORD-02985,2023-12-16,North,Consumer,Furniture,Bookcase,6,205.41,0.2,985.95,-31.36
ORD-02629,2023-12-16,East,Corporate,Furniture,Chair,4,146.49,0.05,556.68,16.19
ORD-00752,2023-12-17,South,Corporate,Furniture,Desk,1,366.14,0.1,329.52,13.31
ORD-02916,2023-12-18,North,Consumer,Office Supplies,Stapler,2,11.93,0.2,19.09,3.48
ORD-01080,2023-12-18,South,Home Office,Furniture,Chair,4,152.52,0.05,579.58,39.71
ORD-00892,2023-12-18,North,Consumer,Furniture,Chair,5,148.43,0.0,742.16,65.16
ORD-00561,2023-12-18,West,Consumer,Furniture,Bookcase,4,189.32,0.0,757.29,44.56
ORD-00952,2023-12-19,West,Corporate,Office Supplies,Stapler,5,11.17,0.0,55.84,16.79
ORD-02805,2023-12-19,North,Home Office,Office Supplies,Binder,4,15.32,0.1,55.13,12.0
ORD-02938,2023-12-19,South,Corporate,Office Supplies,Binder,2,16.25,0.2,26.01,5.29
ORD-02843,2023-12-19,East,Home Office,Office Supplies,Paper,5,21.81,0.1,98.14,24.89
ORD-01938,2023-12-19,West,Corporate,Office Supplies,Stapler,3,12.04,0.1,32.52,7.14
ORD-00945,2023-12-19,South,Consumer,Office Supplies,Stapler,7,10.85,0.05,72.17,18.93
ORD-01740,2023-12-20,North,Corporate,Technology,Headphones,2,115.09,0.05,218.67,38.69
ORD-00726,2023-12-20,North,Consumer,Office Supplies,Binder,3,15.59,0.3,32.75,4.34
ORD-01692,2023-12-20,North,Corporate,Office Supplies,Printer Ink,1,60.24,0.0,60.24,18.7
ORD-01049,2023-12-20,East,Corporate,Office Supplies,Binder,2,15.48,0.0,30.97,7.95
ORD-02663,2023-12-20,South,Corporate,Technology,Monitor,2,302.35,0.05,574.47,83.9
ORD-01638,2023-12-20,South,Home Office,Technology,Laptop,6,866.82,0.2,4160.74,218.65
ORD-01784,2023-12-20,West,Corporate,Office Supplies,Stapler,6,11.97,0.2,57.46,10.67
ORD-02405,2023-12-21,South,Consumer,Office Supplies,Paper,2,20.83,0.3,29.17,3.5
ORD-00253,2023-12-21,North,Consumer,Furniture,Chair,2,160.46,0.0,320.92,22.72
ORD-02711,2023-12-21,North,Home Office,Office Supplies,Binder,3,14.75,0.1,39.83,9.22
ORD-02958,2023-12-21,South,Consumer,Office Supplies,Binder,5,14.69,0.3,51.41,7.12
ORD-02023,2023-12-22,South,Consumer,Office Supplies,Stapler,7,12.03,0.05,79.98,19.57
ORD-00951,2023-12-22,East,Consumer,Office Supplies,Paper,2,18.36,0.0,36.73,9.96
ORD-00283,2023-12-23,South,Corporate,Technology,Laptop,6,850.14,0.0,5100.83,954.48
ORD-02543,2023-12-23,North,Corporate,Office Supplies,Stapler,4,12.38,0.3,34.67,3.59
ORD-02712,2023-12-23,West,Consumer,Office Supplies,Stapler,6,10.81,0.3,45.39,4.84
ORD-02873,2023-12-23,North,Home Office,Technology,Laptop,7,854.01,0.1,5380.27,604.51
ORD-01858,2023-12-24,West,Corporate,Technology,Laptop,5,919.04,0.05,4365.44,664.23
ORD-02373,2023-12-24,East,Corporate,Office Supplies,Binder,2,14.25,0.0,28.5,9.12
ORD-00908,2023-12-25,West,Consumer,Furniture,Chair,1,161.4,0.0,161.4,16.84
ORD-01610,2023-12-26,East,Consumer,Office Supplies,Binder,2,16.45,0.3,23.03,3.21
ORD-00347,2023-12-26,East,Consumer,Office Supplies,Binder,6,14.36,0.0,86.15,28.21
ORD-00925,2023-12-26,South,Consumer,Office Supplies,Printer Ink,7,60.62,0.0,424.32,115.0
ORD-00970,2023-12-26,South,Consumer,Office Supplies,Printer Ink,7,59.38,0.0,415.64,135.51
ORD-00829,2023-12-26,South,Corporate,Office Supplies,Printer Ink,7,59.71,0.0,417.95,114.93
ORD-02225,2023-12-26,East,Consumer,Furniture,Bookcase,2,212.19,0.4,254.63,-36.97
ORD-01652,2023-12-27,East,Consumer,Technology,Headphones,1,120.53,0.0,120.53,23.47
ORD-02243,2023-12-27,West,Consumer,Technology,Laptop,3,925.81,0.0,2777.43,473.71
ORD-00780,2023-12-27,East,Consumer,Technology,Phone,6,596.7,0.0,3580.2,728.63
ORD-02688,2023-12-28,South,Consumer,Office Supplies,Binder,3,14.23,0.2,34.15,6.05
ORD-01062,2023-12-28,South,Corporate,Technology,Phone,3,644.05,0.1,1738.94,160.78
ORD-00172,2023-12-28,East,Corporate,Office Supplies,Printer Ink,1,65.22,0.0,65.22,18.73
ORD-02178,2023-12-29,South,Corporate,Furniture,Bookcase,6,196.16,0.05,1118.11,77.75
ORD-02964,2023-12-29,North,Corporate,Office Supplies,Paper,5,19.0,0.05,90.27,26.21
ORD-01093,2023-12-30,East,Consumer,Technology,Laptop,7,892.17,0.2,4996.16,274.1
ORD-01733,2023-12-30,West,Home Office,Technology,Headphones,2,129.82,0.2,207.72,13.15
ORD-02171,2023-12-30,East,Consumer,Office Supplies,Stapler,7,13.12,0.0,91.84,27.21
ORD-01172,2023-12-30,North,Consumer,Office Supplies,Printer Ink,2,65.83,0.2,105.32,19.84
ORD-02396,2023-12-30,North,Home Office,Furniture,Chair,3,154.67,0.1,417.6,0.19
ORD-01986,2023-12-30,West,Corporate,Office Supplies,Binder,7,15.43,0.0,108.0,31.21
ORD-01303,2023-12-30,East,Corporate,Furniture,Bookcase,2,188.5,0.3,263.9,-20.08
ORD-00901,2023-12-31,South,Consumer,Office Supplies,Binder,3,14.01,0.1,37.82,8.5
ORD-02198,2023-12-31,South,Home Office,Office Supplies,Stapler,6,11.17,0.3,46.9,5.71
ORD-02068,2023-12-31,West,Consumer,Technology,Headphones,1,109.82,0.1,98.83,12.84
ORD-02778,2024-01-01,South,Corporate,Office Supplies,Binder,1,13.64,0.3,9.55,0.78
ORD-01208,2024-01-01,West,Consumer,Furniture,Bookcase,7,181.42,0.05,1206.43,-8.76
ORD-01782,2024-01-02,East,Consumer,Office Supplies,Binder,3,14.93,0.1,40.31,9.01
ORD-00750,2024-01-02,East,Corporate,Technology,Headphones,2,117.47,0.3,164.46,2.27
ORD-02557,2024-01-04,North,Consumer,Furniture,Desk,3,342.17,0.2,821.2,-4.86
ORD-02246,2024-01-04,East,Corporate,Furniture,Desk,7,361.54,0.1,2277.68,37.66
ORD-00189,2024-01-04,South,Consumer,Technology,Monitor,6,292.12,0.0,1752.7,315.09
ORD-01859,2024-01-05,South,Home Office,Technology,Monitor,7,274.19,0.2,1535.48,99.11
ORD-02324,2024-01-05,West,Corporate,Technology,Laptop,1,879.45,0.05,835.48,114.57
ORD-02188,2024-01-06,East,Consumer,Office Supplies,Stapler,5,11.03,0.1,49.63,10.74
ORD-02085,2024-01-06,South,Consumer,Furniture,Chair,3,160.62,0.0,481.87,25.68
ORD-02366,2024-01-06,West,Home Office,Furniture,Desk,7,315.04,0.3,1543.7,-150.43
ORD-01599,2024-01-07,East,Consumer,Furniture,Chair,5,164.1,0.1,738.47,30.68
ORD-02116,2024-01-07,West,Corporate,Office Supplies,Stapler,2,10.82,0.2,17.32,2.74
ORD-01607,2024-01-07,West,Consumer,Technology,Phone,6,593.89,0.4,2138.01,-143.29
ORD-00940,2024-01-07,East,Home Office,Technology,Monitor,1,315.85,0.1,284.26,38.47
ORD-02161,2024-01-08,West,Corporate,Office Supplies,Stapler,4,12.62,0.1,45.44,11.71
ORD-01245,2024-01-08,West,Consumer,Technology,Laptop,5,882.27,0.3,3087.93,-0.22
ORD-01650,2024-01-09,West,Consumer,Office Supplies,Binder,2,14.54,0.2,23.26,3.7
ORD-00102,2024-01-09,North,Consumer,Office Supplies,Paper,2,20.05,0.05,38.1,9.46
ORD-02061,2024-01-09,East,Consumer,Technology,Laptop,5,835.23,0.0,4176.16,716.19
ORD-00308,2024-01-10,South,Corporate,Office Supplies,Stapler,5,13.07,0.1,58.81,12.8
ORD-00145,2024-01-11,West,Consumer,Office Supplies,Paper,3,19.02,0.0,57.05,18.23
ORD-01583,2024-01-12,North,Corporate,Office Supplies,Binder,3,14.12,0.1,38.13,9.48
ORD-01876,2024-01-13,East,Consumer,Technology,Headphones,3,131.97,0.0,395.91,62.08
ORD-00371,2024-01-15,West,Consumer,Technology,Headphones,4,109.04,0.0,436.16,69.53
ORD-01328,2024-01-15,West,Consumer,Office Supplies,Stapler,4,11.23,0.0,44.91,15.06
ORD-02837,2024-01-15,West,Corporate,Furniture,Desk,7,380.07,0.0,2660.48,109.25
ORD-02165,2024-01-15,West,Consumer,Office Supplies,Stapler,3,12.58,0.05,35.85,8.76
ORD-00444,2024-01-16,West,Consumer,Office Supplies,Binder,5,15.29,0.05,72.64,18.8
ORD-02614,2024-01-16,North,Home Office,Office Supplies,Stapler,1,10.83,0.2,8.66,1.67
ORD-01214,2024-01-16,East,Consumer,Office Supplies,Paper,2,18.02,0.2,28.83,5.3
ORD-01118,2024-01-16,South,Corporate,Furniture,Desk,4,327.46,0.05,1244.36,90.26
ORD-02734,2024-01-17,West,Home Office,Technology,Monitor,6,316.89,0.1,1711.19,260.44
ORD-01549,2024-01-18,East,Corporate,Technology,Headphones,1,117.43,0.0,117.43,19.15
ORD-00107,2024-01-18,South,Corporate,Office Supplies,Paper,1,18.26,0.0,18.26,6.31
ORD-01515,2024-01-18,North,Consumer,Furniture,Bookcase,3,213.78,0.2,513.08,-3.7
ORD-02458,2024-01-19,South,Home Office,Technology,Monitor,1,296.78,0.1,267.1,38.07
ORD-00819,2024-01-19,East,Home Office,Office Supplies,Paper,7,19.71,0.05,131.1,36.59
ORD-01529,2024-01-19,South,Consumer,Office Supplies,Binder,1,13.74,0.1,12.36,2.86
ORD-01651,2024-01-20,South,Consumer,Office Supplies,Printer Ink,3,58.2,0.0,174.6,51.08
ORD-02120,2024-01-20,South,Corporate,Office Supplies,Binder,3,14.0,0.05,39.91,11.34
ORD-00660,2024-01-21,South,Consumer,Technology,Phone,1,586.98,0.4,352.19,-12.87
ORD-02876,2024-01-21,West,Corporate,Office Supplies,Paper,4,20.26,0.3,56.73,8.8
ORD-01897,2024-01-21,West,Consumer,Furniture,Bookcase,5,214.53,0.0,1072.67,56.46
ORD-01052,2024-01-22,East,Consumer,Furniture,Chair,4,158.97,0.0,635.9,54.24
ORD-02157,2024-01-23,East,Corporate,Office Supplies,Paper,5,18.19,0.2,72.77,14.05
ORD-01605,2024-01-23,East,Corporate,Furniture,Desk,7,366.03,0.1,2306.02,161.34
ORD-02504,2024-01-24,North,Corporate,Office Supplies,Binder,6,14.41,0.1,77.82,20.12
ORD-00595,2024-01-25,East,Corporate,Office Supplies,Printer Ink,3,64.31,0.1,173.63,42.2
ORD-02981,2024-01-26,East,Consumer,Furniture,Bookcase,7,182.07,0.1,1147.04,18.77
ORD-00896,2024-01-26,North,Consumer,Furniture,Chair,4,151.42,0.0,605.68,52.56
ORD-00474,2024-01-26,East,Home Office,Office Supplies,Stapler,7,12.67,0.1,79.83,16.69
ORD-02072,2024-01-27,South,Corporate,Furniture,Chair,4,147.53,0.05,560.62,35.45
ORD-02122,2024-01-27,East,Consumer,Furniture,Bookcase,6,217.99,0.05,1242.54,30.52
ORD-02016,2024-01-28,North,Home Office,Furniture,Chair,7,161.54,0.05,1074.22,27.72
ORD-00513,2024-01-29,North,Consumer,Office Supplies,Printer Ink,6,58.34,0.1,315.02,79.48
ORD-00999,2024-01-29,South,Consumer,Technology,Headphones,7,108.15,0.05,719.17,136.85
ORD-00156,2024-01-30,South,Consumer,Technology,Monitor,1,317.6,0.2,254.08,12.06
ORD-00075,2024-01-30,North,Home Office,Office Supplies,Binder,6,16.44,0.4,59.2,5.15
ORD-00704,2024-02-01,North,Home Office,Technology,Laptop,1,864.05,0.05,820.84,123.54
ORD-02816,2024-02-01,West,Corporate,Furniture,Bookcase,1,193.86,0.2,155.08,-3.4
ORD-00406,2024-02-02,West,Corporate,Furniture,Desk,3,358.32,0.05,1021.2,73.41
ORD-02944,2024-02-02,South,Corporate,Technology,Phone,5,605.37,0.2,2421.49,208.98
ORD-02967,2024-02-02,West,Corporate,Technology,Monitor,2,281.98,0.05,535.76,76.31
ORD-01054,2024-02-02,East,Home Office,Office Supplies,Binder,7,15.88,0.0,111.13,37.77
ORD-01709,2024-02-03,South,Corporate,Furniture,Chair,4,157.35,0.0,629.42,53.62
ORD-00690,2024-02-03,North,Consumer,Technology,Monitor,5,310.11,0.0,1550.54,279.63
ORD-01352,2024-02-03,South,Corporate,Office Supplies,Binder,6,13.91,0.1,75.09,19.82
ORD-00266,2024-02-03,East,Consumer,Technology,Phone,2,627.31,0.05,1191.88,167.63
ORD-02040,2024-02-04,South,Consumer,Technology,Headphones,1,131.67,0.1,118.5,14.94
ORD-01996,2024-02-04,North,Home Office,Technology,Monitor,2,274.61,0.0,549.22,93.44
ORD-02684,2024-02-04,East,Consumer,Furniture,Desk,7,318.12,0.05,2115.52,108.23
ORD-02554,2024-02-04,West,Corporate,Office Supplies,Binder,5,16.02,0.1,72.08,18.89
ORD-01405,2024-02-05,West,Home Office,Office Supplies,Stapler,5,11.37,0.05,54.02,14.57
ORD-00224,2024-02-06,West,Consumer,Technology,Phone,2,642.79,0.0,1285.59,229.96
ORD-02011,2024-02-06,East,Consumer,Furniture,Desk,3,345.54,0.05,984.78,54.71
ORD-01857,2024-02-06,North,Corporate,Office Supplies,Binder,1,15.45,0.0,15.45,4.69
ORD-02315,2024-02-07,West,Consumer,Furniture,Bookcase,5,186.98,0.0,934.9,95.27
ORD-02343,2024-02-08,East,Corporate,Office Supplies,Printer Ink,5,61.67,0.05,292.95,77.9
ORD-00329,2024-02-08,South,Home Office,Technology,Monitor,2,281.14,0.1,506.06,56.17
ORD-00047,2024-02-08,West,Consumer,Office Supplies,Stapler,4,10.93,0.05,41.54,10.83
ORD-02820,2024-02-08,South,Corporate,Office Supplies,Stapler,3,12.74,0.0,38.21,12.42
ORD-01683,2024-02-08,East,Consumer,Office Supplies,Stapler,2,13.16,0.1,23.69,5.74
ORD-00614,2024-02-08,South,Consumer,Office Supplies,Binder,3,13.88,0.0,41.64,12.59
ORD-02628,2024-02-09,East,Consumer,Technology,Phone,1,554.86,0.1,499.37,57.02
ORD-01198,2024-02-09,East,Corporate,Technology,Laptop,7,839.75,0.0,5878.28,1231.97
ORD-01092,2024-02-10,North,Corporate,Office Supplies,Stapler,6,12.89,0.05,73.48,20.12
ORD-01797,2024-02-10,West,Consumer,Furniture,Desk,2,380.38,0.05,722.73,34.32
ORD-01646,2024-02-10,North,Consumer,Office Supplies,Binder,4,14.22,0.1,51.18,11.58
ORD-02644,2024-02-12,North,Corporate,Office Supplies,Binder,2,15.06,0.0,30.11,10.05
ORD-01520,2024-02-12,South,Home Office,Technology,Monitor,6,288.2,0.1,1556.27,199.74
ORD-00170,2024-02-12,South,Consumer,Office Supplies,Printer Ink,2,65.9,0.05,125.22,34.46
ORD-00556,2024-02-13,East,Corporate,Furniture,Chair,3,152.31,0.0,456.94,36.71
ORD-02289,2024-02-14,East,Home Office,Office Supplies,Stapler,5,12.97,0.05,61.59,16.45
ORD-00076,2024-02-15,West,Consumer,Furniture,Bookcase,1,216.11,0.05,205.3,10.33
ORD-02549,2024-02-16,West,Consumer,Furniture,Bookcase,2,208.22,0.0,416.44,40.7
ORD-00909,2024-02-17,East,Home Office,Office Supplies,Printer Ink,7,62.17,0.0,435.21,116.51
ORD-00822,2024-02-17,East,Corporate,Furniture,Desk,3,319.44,0.0,958.31,104.1
ORD-01795,2024-02-17,North,Corporate,Technology,Laptop,6,880.62,0.1,4755.32,499.05
ORD-00397,2024-02-18,West,Corporate,Technology,Phone,7,548.89,0.05,3650.09,598.84
ORD-02594,2024-02-18,East,Home Office,Office Supplies,Paper,1,21.47,0.0,21.47,6.82
ORD-00668,2024-02-19,North,Consumer,Furniture,Bookcase,5,188.1,0.05,893.46,23.74
ORD-00930,2024-02-19,North,Consumer,Furniture,Desk,5,315.55,0.1,1419.99,-3.42
ORD-01588,2024-02-19,North,Consumer,Office Supplies,Paper,7,20.11,0.1,126.67,34.15
ORD-00318,2024-02-20,West,Corporate,Technology,Phone,2,656.74,0.05,1247.8,158.41
ORD-02240,2024-02-20,North,Consumer,Technology,Monitor,7,300.63,0.0,2104.38,402.36
ORD-02407,2024-02-20,North,Consumer,Technology,Monitor,4,317.26,0.1,1142.14,133.93
ORD-00657,2024-02-22,North,Corporate,Furniture,Desk,5,330.03,0.1,1485.14,1.12
ORD-02731,2024-02-22,North,Corporate,Office Supplies,Paper,5,21.05,0.0,105.25,32.36
ORD-02294,2024-02-23,West,Corporate,Office Supplies,Binder,3,14.07,0.05,40.11,11.09
ORD-00699,2024-02-23,East,Consumer,Furniture,Bookcase,4,188.11,0.05,714.81,0.75
ORD-01921,2024-02-24,East,Corporate,Technology,Phone,4,544.11,0.05,2067.63,429.38
ORD-00220,2024-02-25,North,Consumer,Technology,Headphones,5,112.71,0.1,507.18,59.26
ORD-00737,2024-02-26,West,Consumer,Office Supplies,Printer Ink,5,60.24,0.3,210.84,23.65
ORD-00400,2024-02-26,South,Corporate,Technology,Laptop,1,874.62,0.1,787.15,96.56
ORD-00094,2024-02-26,North,Consumer,Furniture,Desk,1,358.13,0.05,340.23,28.26
ORD-01387,2024-02-26,South,Consumer,Technology,Monitor,5,305.91,0.2,1223.64,130.99
ORD-02078,2024-02-26,North,Consumer,Furniture,Chair,5,138.6,0.05,658.34,41.83
ORD-01714,2024-02-26,South,Consumer,Office Supplies,Paper,4,18.03,0.1,64.89,14.49
ORD-00463,2024-02-26,West,Corporate,Technology,Phone,1,625.22,0.0,625.22,122.02
ORD-01025,2024-02-27,North,Home Office,Office Supplies,Paper,5,21.34,0.0,106.68,32.59
ORD-01552,2024-02-28,North,Consumer,Technology,Monitor,6,325.18,0.0,1951.07,354.05
ORD-01870,2024-02-28,North,Corporate,Furniture,Chair,5,161.66,0.05,767.86,33.96
ORD-01353,2024-02-29,East,Consumer,Technology,Phone,3,611.7,0.1,1651.58,171.08
ORD-00067,2024-02-29,East,Home Office,Technology,Laptop,6,924.1,0.4,3326.75,-154.12
ORD-00918,2024-03-01,North,Corporate,Office Supplies,Paper,3,19.34,0.0,58.01,17.72
ORD-00475,2024-03-01,South,Consumer,Furniture,Bookcase,3,215.98,0.1,583.15,20.1
ORD-01670,2024-03-02,West,Consumer,Technology,Monitor,4,280.27,0.3,784.76,15.93
ORD-02372,2024-03-02,South,Consumer,Technology,Monitor,7,309.4,0.3,1516.05,16.01
ORD-00112,2024-03-03,North,Consumer,Office Supplies,Stapler,2,12.4,0.1,22.33,5.08
ORD-02293,2024-03-05,East,Corporate,Office Supplies,Binder,5,13.63,0.3,47.72,5.73
ORD-00592,2024-03-05,North,Consumer,Office Supplies,Binder,6,14.29,0.2,68.61,11.19
ORD-01791,2024-03-05,East,Consumer,Technology,Laptop,5,965.91,0.2,3863.66,135.0
ORD-01530,2024-03-06,West,Consumer,Office Supplies,Stapler,3,11.61,0.2,27.86,5.14
ORD-02144,2024-03-06,West,Corporate,Furniture,Desk,5,375.44,0.1,1689.5,16.8
ORD-02992,2024-03-07,West,Consumer,Office Supplies,Stapler,4,13.08,0.0,52.32,16.55
ORD-00262,2024-03-08,South,Corporate,Technology,Phone,7,570.57,0.05,3794.26,481.8
ORD-00199,2024-03-08,North,Consumer,Office Supplies,Paper,7,20.31,0.2,113.74,18.38
ORD-01403,2024-03-09,North,Consumer,Technology,Headphones,1,116.27,0.1,104.64,11.21
ORD-00529,2024-03-09,South,Consumer,Furniture,Desk,5,356.42,0.0,1782.11,166.71
ORD-00043,2024-03-11,South,Corporate,Furniture,Bookcase,6,219.05,0.0,1314.27,111.65
ORD-00730,2024-03-11,East,Home Office,Office Supplies,Stapler,5,11.35,0.3,39.74,4.58
ORD-01970,2024-03-11,East,Consumer,Office Supplies,Stapler,6,12.41,0.2,59.56,11.12
ORD-01548,2024-03-13,South,Corporate,Office Supplies,Paper,3,21.97,0.0,65.91,19.31
ORD-00516,2024-03-13,South,Consumer,Office Supplies,Stapler,5,12.63,0.05,60.01,17.28
ORD-00506,2024-03-14,South,Consumer,Furniture,Chair,4,151.36,0.1,544.91,10.48
ORD-02136,2024-03-14,West,Consumer,Technology,Phone,2,608.55,0.1,1095.38,153.14
ORD-02219,2024-03-14,South,Corporate,Technology,Laptop,1,811.43,0.0,811.43,168.64
ORD-01216,2024-03-14,East,Home Office,Office Supplies,Printer Ink,6,56.34,0.3,236.63,29.69
ORD-00373,2024-03-14,North,Home Office,Technology,Headphones,6,110.0,0.0,660.02,140.64
ORD-01581,2024-03-14,North,Home Office,Office Supplies,Binder,6,14.58,0.0,87.49,24.0
ORD-02763,2024-03-15,West,Corporate,Office Supplies,Binder,6,14.23,0.0,85.38,25.01
ORD-01894,2024-03-16,South,Corporate,Office Supplies,Stapler,6,12.58,0.0,75.48,23.54
ORD-00183,2024-03-16,South,Consumer,Technology,Laptop,6,963.13,0.1,5200.91,591.68
ORD-00493,2024-03-16,South,Consumer,Office Supplies,Stapler,4,12.87,0.2,41.2,8.32
ORD-00483,2024-03-17,East,Consumer,Office Supplies,Paper,6,21.89,0.2,105.08,20.28
ORD-00168,2024-03-17,North,Consumer,Technology,Monitor,2,307.95,0.0,615.9,120.1
ORD-00801,2024-03-17,West,Consumer,Technology,Laptop,2,880.76,0.1,1585.37,146.04
ORD-02862,2024-03-18,East,Consumer,Office Supplies,Printer Ink,2,56.32,0.0,112.64,37.49
ORD-00792,2024-03-18,East,Corporate,Technology,Phone,3,595.09,0.05,1696.02,266.13
ORD-00276,2024-03-18,North,Home Office,Furniture,Bookcase,6,188.02,0.3,789.68,-88.64
ORD-01135,2024-03-19,North,Consumer,Technology,Headphones,4,119.49,0.3,334.57,-5.76
ORD-00787,2024-03-19,North,Consumer,Technology,Laptop,4,974.69,0.2,3119.0,202.39
ORD-00877,2024-03-20,East,Consumer,Office Supplies,Stapler,3,12.81,0.0,38.42,11.42
ORD-02548,2024-03-20,East,Consumer,Office Supplies,Stapler,4,13.11,0.0,52.44,16.13
ORD-01007,2024-03-20,North,Home Office,Technology,Monitor,7,284.42,0.05,1891.36,307.47
ORD-02237,2024-03-21,South,Consumer,Technology,Laptop,3,842.48,0.1,2274.69,290.69
ORD-01241,2024-03-21,East,Home Office,Office Supplies,Stapler,7,12.38,0.0,86.69,30.86
ORD-01293,2024-03-22,West,Consumer,Office Supplies,Paper,1,20.98,0.0,20.98,5.84
ORD-01877,2024-03-22,West,Home Office,Office Supplies,Paper,6,18.7,0.0,112.19,34.25
ORD-01064,2024-03-22,West,Consumer,Technology,Phone,5,589.86,0.05,2801.84,454.27
ORD-02966,2024-03-22,East,Corporate,Office Supplies,Paper,1,19.54,0.2,15.63,2.3
ORD-01463,2024-03-22,North,Consumer,Office Supplies,Printer Ink,7,60.69,0.0,424.82,129.07
ORD-02853,2024-03-22,South,Consumer,Technology,Monitor,3,314.55,0.0,943.65,149.02
ORD-01275,2024-03-22,West,Corporate,Technology,Headphones,7,112.31,0.3,550.32,-2.69
ORD-01145,2024-03-23,South,Consumer,Technology,Headphones,7,117.11,0.0,819.74,130.85
ORD-02936,2024-03-23,North,Corporate,Technology,Monitor,7,283.85,0.05,1887.61,275.84
ORD-00974,2024-03-23,West,Home Office,Technology,Laptop,4,860.94,0.0,3443.77,765.48
ORD-02433,2024-03-24,West,Consumer,Furniture,Bookcase,3,188.2,0.3,395.21,-37.98
ORD-00751,2024-03-24,South,Consumer,Furniture,Chair,4,139.15,0.0,556.61,55.71
ORD-01075,2024-03-24,East,Consumer,Furniture,Desk,4,351.72,0.2,1125.5,-43.89
ORD-00701,2024-03-24,North,Corporate,Technology,Monitor,4,328.85,0.1,1183.88,202.64
ORD-02204,2024-03-25,West,Corporate,Technology,Monitor,7,288.42,0.3,1413.27,57.76
ORD-02054,2024-03-26,East,Corporate,Office Supplies,Paper,2,18.58,0.05,35.31,9.91
ORD-01262,2024-03-26,East,Consumer,Technology,Headphones,3,114.48,0.0,343.43,60.97
ORD-02946,2024-03-27,East,Corporate,Technology,Monitor,1,320.87,0.0,320.87,59.27
ORD-02305,2024-03-27,South,Home Office,Office Supplies,Stapler,4,12.88,0.05,48.96,12.53
ORD-00032,2024-03-28,East,Consumer,Technology,Monitor,5,293.48,0.2,1173.91,47.17
ORD-00693,2024-03-28,East,Home Office,Furniture,Bookcase,5,216.98,0.0,1084.92,98.82
ORD-01045,2024-03-29,West,Corporate,Technology,Laptop,7,900.77,0.2,5044.34,222.82
ORD-01846,2024-03-29,West,Consumer,Technology,Phone,7,587.96,0.2,3292.55,162.68
ORD-02371,2024-03-30,North,Corporate,Office Supplies,Binder,6,15.96,0.0,95.77,28.15
ORD-02168,2024-03-31,South,Corporate,Technology,Monitor,7,325.43,0.05,2164.1,315.0
ORD-02127,2024-03-31,North,Consumer,Technology,Laptop,2,874.96,0.1,1574.93,159.66
ORD-00315,2024-03-31,South,Consumer,Technology,Laptop,6,867.31,0.05,4943.66,821.53
ORD-00322,2024-04-01,North,Home Office,Office Supplies,Paper,3,19.27,0.0,57.81,17.27
ORD-02806,2024-04-01,South,Corporate,Office Supplies,Printer Ink,3,60.09,0.05,171.27,44.79
ORD-01287,2024-04-02,East,Consumer,Technology,Phone,1,619.11,0.4,371.47,-29.0
ORD-02883,2024-04-02,East,Corporate,Office Supplies,Stapler,4,12.76,0.0,51.04,15.72
ORD-00126,2024-04-03,South,Corporate,Furniture,Bookcase,6,217.91,0.0,1307.45,82.08
ORD-01786,2024-04-03,North,Home Office,Furniture,Bookcase,6,214.9,0.1,1160.47,4.0
ORD-02408,2024-04-03,North,Home Office,Technology,Monitor,1,289.13,0.05,274.68,51.95
ORD-00756,2024-04-04,South,Home Office,Technology,Phone,2,632.02,0.0,1264.04,213.88
ORD-01324,2024-04-04,South,Consumer,Technology,Phone,3,645.57,0.1,1743.03,212.61
ORD-01885,2024-04-04,North,Corporate,Office Supplies,Printer Ink,2,60.18,0.1,108.32,25.84
ORD-00146,2024-04-05,South,Consumer,Office Supplies,Paper,3,18.26,0.05,52.03,15.06
ORD-01760,2024-04-06,West,Corporate,Furniture,Bookcase,3,219.39,0.05,625.27,22.2
ORD-00746,2024-04-07,West,Consumer,Technology,Phone,4,558.56,0.2,1787.4,152.26
ORD-01884,2024-04-07,South,Consumer,Office Supplies,Printer Ink,5,59.74,0.05,283.76,75.11
ORD-02733,2024-04-08,East,Corporate,Office Supplies,Paper,3,19.1,0.1,51.57,12.39
ORD-00514,2024-04-08,East,Consumer,Office Supplies,Stapler,6,10.81,0.05,61.59,17.38
ORD-02586,2024-04-08,South,Home Office,Office Supplies,Stapler,6,12.47,0.1,67.35,15.88
ORD-01079,2024-04-08,South,Home Office,Furniture,Bookcase,6,186.27,0.4,670.58,-103.09
ORD-00368,2024-04-08,North,Corporate,Technology,Headphones,7,122.13,0.05,812.17,129.55
ORD-01997,2024-04-09,West,Consumer,Furniture,Bookcase,4,184.32,0.05,700.41,31.23
ORD-01101,2024-04-11,West,Consumer,Office Supplies,Stapler,1,10.92,0.0,10.92,3.15
ORD-02955,2024-04-11,South,Corporate,Office Supplies,Binder,4,15.84,0.05,60.19,16.01
ORD-02049,2024-04-11,North,Consumer,Office Supplies,Paper,7,18.59,0.0,130.14,43.18
ORD-01716,2024-04-12,North,Corporate,Furniture,Desk,3,383.7,0.1,1035.98,-3.95
ORD-02483,2024-04-13,North,Consumer,Furniture,Chair,3,152.95,0.0,458.85,38.98
ORD-02282,2024-04-14,South,Consumer,Office Supplies,Binder,4,15.48,0.1,55.74,13.39
ORD-02126,2024-04-14,North,Corporate,Furniture,Chair,4,141.74,0.0,566.97,26.99
ORD-02230,2024-04-14,North,Consumer,Office Supplies,Printer Ink,4,57.58,0.3,161.23,22.45
ORD-00570,2024-04-14,South,Consumer,Office Supplies,Paper,4,19.7,0.1,70.91,17.62
ORD-00587,2024-04-14,West,Consumer,Furniture,Bookcase,7,186.92,0.05,1243.01,40.66
ORD-02469,2024-04-14,North,Consumer,Technology,Headphones,6,120.8,0.3,507.35,15.63
ORD-02542,2024-04-15,East,Corporate,Office Supplies,Printer Ink,2,61.49,0.1,110.67,25.86
ORD-00949,2024-04-15,South,Consumer,Technology,Laptop,5,952.61,0.2,3810.42,169.68
ORD-01992,2024-04-15,North,Corporate,Office Supplies,Stapler,7,12.92,0.1,81.42,16.31
ORD-00890,2024-04-15,North,Home Office,Technology,Laptop,3,930.43,0.1,2512.17,292.26
ORD-00579,2024-04-16,East,Corporate,Technology,Monitor,2,329.34,0.05,625.75,87.08
ORD-00986,2024-04-17,South,Consumer,Technology,Headphones,4,130.61,0.3,365.7,1.75
ORD-02679,2024-04-17,North,Home Office,Furniture,Bookcase,1,206.44,0.1,185.79,2.24
ORD-00664,2024-04-18,South,Consumer,Technology,Phone,1,585.77,0.0,585.77,111.88
ORD-02108,2024-04-18,North,Consumer,Furniture,Chair,7,164.44,0.05,1093.53,81.55
ORD-01014,2024-04-19,West,Corporate,Office Supplies,Binder,5,14.68,0.0,73.41,21.46
ORD-02095,2024-04-19,East,Home Office,Office Supplies,Binder,3,14.95,0.05,42.62,10.75
ORD-00988,2024-04-19,North,Consumer,Office Supplies,Binder,3,15.9,0.1,42.92,10.35
ORD-01036,2024-04-19,South,Corporate,Furniture,Bookcase,2,184.46,0.3,258.24,-21.97
ORD-02627,2024-04-19,South,Corporate,Office Supplies,Printer Ink,7,65.4,0.1,412.03,105.84
ORD-00685,2024-04-20,East,Corporate,Technology,Monitor,2,325.72,0.05,618.86,92.25
ORD-01369,2024-04-21,South,Home Office,Furniture,Chair,1,154.45,0.1,139.01,3.6
ORD-02032,2024-04-22,South,Corporate,Technology,Headphones,4,131.1,0.0,524.38,90.62
ORD-01586,2024-04-22,East,Consumer,Furniture,Desk,5,333.64,0.05,1584.79,65.91
ORD-02249,2024-04-22,West,Consumer,Office Supplies,Binder,6,13.9,0.05,79.23,21.99
ORD-01294,2024-04-23,West,Consumer,Office Supplies,Binder,6,15.18,0.0,91.07,26.1
ORD-01778,2024-04-23,North,Corporate,Technology,Phone,4,577.62,0.0,2310.48,402.43
ORD-00133,2024-04-24,North,Consumer,Technology,Phone,2,609.24,0.2,974.78,47.63
ORD-00795,2024-04-24,East,Corporate,Office Supplies,Paper,6,19.66,0.1,106.17,24.85
ORD-00617,2024-04-24,South,Home Office,Technology,Phone,2,580.0,0.05,1102.01,181.63
ORD-01498,2024-04-25,East,Corporate,Office Supplies,Paper,7,21.89,0.0,153.24,49.17
ORD-00655,2024-04-26,North,Consumer,Technology,Headphones,4,131.37,0.05,499.2,69.65
ORD-01726,2024-04-26,South,Home Office,Office Supplies,Paper,1,21.99,0.05,20.89,5.63
ORD-01454,2024-04-26,North,Corporate,Furniture,Chair,6,149.24,0.0,895.45,71.19
ORD-02087,2024-04-27,East,Consumer,Furniture,Chair,6,150.84,0.0,905.05,80.55
ORD-01754,2024-04-28,East,Home Office,Office Supplies,Stapler,1,12.78,0.0,12.78,3.75
ORD-02783,2024-04-30,East,Home Office,Office Supplies,Paper,2,21.82,0.2,34.91,6.42
ORD-02609,2024-04-30,South,Home Office,Office Supplies,Printer Ink,5,58.31,0.4,174.94,13.45
ORD-02174,2024-05-01,East,Consumer,Technology,Laptop,5,882.37,0.0,4411.87,835.64
ORD-01926,2024-05-01,West,Home Office,Technology,Phone,5,556.57,0.05,2643.72,385.74
ORD-02314,2024-05-01,East,Consumer,Furniture,Bookcase,4,218.68,0.4,524.83,-97.5
ORD-01702,2024-05-01,South,Consumer,Furniture,Bookcase,5,197.88,0.0,989.39,73.78
ORD-01140,2024-05-03,East,Consumer,Furniture,Chair,6,143.54,0.1,775.1,21.51
ORD-02797,2024-05-03,South,Corporate,Office Supplies,Stapler,3,11.82,0.0,35.45,10.47
ORD-02775,2024-05-04,North,Home Office,Technology,Laptop,1,834.18,0.0,834.18,153.84
ORD-00021,2024-05-04,North,Home Office,Office Supplies,Stapler,4,11.64,0.05,44.25,12.34
ORD-02722,2024-05-05,North,Home Office,Technology,Headphones,7,123.91,0.1,780.65,105.8
ORD-02086,2024-05-05,East,Consumer,Office Supplies,Binder,5,14.48,0.0,72.39,23.87
ORD-02220,2024-05-05,East,Consumer,Technology,Monitor,5,313.81,0.05,1490.6,228.23
ORD-01526,2024-05-08,North,Consumer,Office Supplies,Stapler,1,12.63,0.1,11.36,2.68
ORD-01244,2024-05-08,South,Consumer,Office Supplies,Paper,3,20.27,0.0,60.81,17.71
ORD-01280,2024-05-09,East,Consumer,Technology,Headphones,6,122.3,0.0,733.82,130.37
ORD-02392,2024-05-10,West,Consumer,Office Supplies,Printer Ink,7,54.13,0.05,359.94,96.08
ORD-01923,2024-05-11,South,Home Office,Office Supplies,Paper,3,18.81,0.4,33.86,2.19
ORD-00498,2024-05-12,East,Home Office,Furniture,Chair,3,141.97,0.0,425.9,32.73
ORD-02744,2024-05-12,West,Corporate,Office Supplies,Stapler,4,11.55,0.3,32.35,3.76
ORD-01542,2024-05-12,West,Consumer,Office Supplies,Paper,6,19.46,0.0,116.76,34.75
ORD-01242,2024-05-12,East,Consumer,Furniture,Desk,1,326.91,0.4,196.15,-30.58
ORD-00096,2024-05-13,East,Corporate,Technology,Phone,2,575.91,0.05,1094.24,146.68
ORD-01424,2024-05-13,North,Corporate,Office Supplies,Stapler,6,11.86,0.05,67.58,18.44
ORD-02090,2024-05-13,East,Home Office,Furniture,Bookcase,6,208.98,0.05,1191.16,87.18
ORD-00785,2024-05-13,East,Consumer,Office Supplies,Binder,7,14.0,0.0,98.02,28.27
ORD-00372,2024-05-16,North,Consumer,Office Supplies,Paper,2,19.05,0.0,38.09,12.27
ORD-02374,2024-05-17,West,Consumer,Office Supplies,Printer Ink,3,56.43,0.0,169.29,53.41
ORD-02928,2024-05-17,West,Consumer,Office Supplies,Printer Ink,4,59.11,0.05,224.62,64.86
ORD-00525,2024-05-17,North,Consumer,Furniture,Chair,2,149.61,0.0,299.23,20.91
ORD-00679,2024-05-18,North,Home Office,Technology,Headphones,6,117.41,0.1,633.99,58.45
ORD-00568,2024-05-19,North,Corporate,Office Supplies,Stapler,7,11.1,0.4,46.63,2.8
ORD-02368,2024-05-19,South,Consumer,Office Supplies,Paper,1,18.66,0.3,13.07,1.64
ORD-01027,2024-05-19,South,Consumer,Office Supplies,Stapler,3,12.47,0.05,35.53,10.0
ORD-00314,2024-05-19,West,Consumer,Technology,Headphones,1,121.3,0.1,109.17,11.91
ORD-00313,2024-05-20,South,Consumer,Office Supplies,Binder,5,14.25,0.05,67.7,17.79
ORD-02522,2024-05-21,North,Corporate,Furniture,Desk,7,336.83,0.0,2357.79,245.22
ORD-02238,2024-05-21,North,Consumer,Furniture,Chair,5,153.67,0.1,691.5,12.73
ORD-02474,2024-05-21,North,Consumer,Office Supplies,Printer Ink,1,61.71,0.05,58.62,15.45
ORD-01177,2024-05-21,West,Home Office,Office Supplies,Stapler,7,12.41,0.05,82.55,20.19
ORD-02242,2024-05-22,South,Corporate,Furniture,Desk,4,355.33,0.2,1137.07,-38.85
ORD-01973,2024-05-22,West,Corporate,Office Supplies,Printer Ink,7,54.99,0.05,365.68,101.42
ORD-01347,2024-05-23,North,Home Office,Office Supplies,Binder,7,15.27,0.2,85.54,13.57
ORD-02337,2024-05-23,North,Home Office,Office Supplies,Printer Ink,4,59.65,0.2,190.89,35.27
ORD-01553,2024-05-23,West,Home Office,Office Supplies,Binder,1,15.86,0.4,9.52,0.6
ORD-00010,2024-05-24,South,Consumer,Technology,Laptop,4,918.57,0.4,2204.58,-121.5
ORD-00033,2024-05-24,North,Corporate,Technology,Laptop,1,818.2,0.0,818.2,132.26
ORD-00165,2024-05-25,West,Corporate,Office Supplies,Printer Ink,4,59.41,0.0,237.64,69.39
ORD-01626,2024-05-25,South,Consumer,Office Supplies,Paper,4,19.03,0.1,68.5,16.16
ORD-01502,2024-05-25,North,Home Office,Office Supplies,Binder,1,14.97,0.1,13.47,3.4
ORD-00931,2024-05-25,South,Home Office,Office Supplies,Stapler,1,10.86,0.1,9.77,2.46
ORD-00521,2024-05-26,East,Corporate,Office Supplies,Stapler,2,11.43,0.1,20.58,5.38
ORD-02838,2024-05-26,North,Corporate,Furniture,Chair,5,144.3,0.05,685.44,56.86
ORD-01326,2024-05-27,South,Consumer,Technology,Monitor,6,313.28,0.3,1315.78,-2.75
ORD-00633,2024-05-27,North,Home Office,Furniture,Desk,6,372.7,0.05,2124.38,186.25
ORD-02478,2024-05-28,South,Corporate,Office Supplies,Binder,2,13.82,0.0,27.63,7.87
ORD-00287,2024-05-28,East,Consumer,Furniture,Desk,7,374.26,0.2,2095.87,-156.58
ORD-02019,2024-05-28,South,Home Office,Furniture,Desk,3,324.62,0.2,779.1,-25.83
ORD-00186,2024-05-28,North,Corporate,Office Supplies,Paper,7,19.99,0.0,139.92,40.31
ORD-00248,2024-05-29,North,Home Office,Office Supplies,Stapler,7,11.49,0.05,76.41,20.99
ORD-01339,2024-05-29,East,Home Office,Office Supplies,Stapler,6,12.47,0.0,74.8,21.98
ORD-02545,2024-05-30,West,Consumer,Technology,Laptop,3,894.83,0.1,2416.04,216.4
ORD-02849,2024-05-31,South,Consumer,Office Supplies,Printer Ink,2,63.94,0.0,127.88,35.31
ORD-00384,2024-05-31,West,Home Office,Technology,Monitor,1,273.59,0.1,246.23,28.48
ORD-02331,2024-06-01,South,Corporate,Office Supplies,Binder,5,14.17,0.1,63.78,16.96
ORD-01361,2024-06-01,North,Corporate,Furniture,Desk,2,342.12,0.0,684.24,36.64
ORD-00873,2024-06-01,West,Home Office,Technology,Headphones,6,117.73,0.2,565.09,25.99
ORD-00885,2024-06-01,East,Home Office,Technology,Monitor,4,293.15,0.2,938.08,56.19
ORD-02027,2024-06-02,South,Consumer,Furniture,Bookcase,1,183.31,0.1,164.98,2.17
ORD-02537,2024-06-02,West,Consumer,Office Supplies,Stapler,1,12.29,0.4,7.38,0.46
ORD-02252,2024-06-03,North,Corporate,Technology,Monitor,4,289.26,0.1,1041.32,112.85
ORD-01459,2024-06-03,West,Corporate,Office Supplies,Printer Ink,6,61.42,0.05,350.1,91.54
ORD-01981,2024-06-03,South,Corporate,Technology,Laptop,1,874.4,0.0,874.4,153.03
ORD-01295,2024-06-03,West,Consumer,Furniture,Chair,1,152.78,0.0,152.78,11.69
ORD-01613,2024-06-03,West,Corporate,Furniture,Desk,2,348.22,0.1,626.79,16.89
ORD-02124,2024-06-03,West,Corporate,Office Supplies,Paper,1,21.14,0.1,19.02,4.85
ORD-00316,2024-06-04,East,Home Office,Office Supplies,Binder,6,15.16,0.2,72.78,12.88
ORD-02904,2024-06-04,North,Corporate,Furniture,Chair,3,141.3,0.0,423.89,22.64
ORD-00858,2024-06-04,West,Consumer,Office Supplies,Stapler,6,12.95,0.2,62.16,11.66
ORD-02850,2024-06-05,West,Consumer,Office Supplies,Binder,7,14.29,0.1,90.04,24.14
ORD-02691,2024-06-06,West,Home Office,Technology,Headphones,4,110.85,0.0,443.41,74.29
ORD-00093,2024-06-06,North,Consumer,Office Supplies,Binder,5,15.93,0.05,75.68,24.08
ORD-01271,2024-06-06,West,Consumer,Furniture,Chair,7,164.06,0.1,1033.55,47.29
ORD-01711,2024-06-08,North,Consumer,Technology,Phone,2,585.7,0.1,1054.25,102.08
ORD-00378,2024-06-09,South,Consumer,Furniture,Bookcase,3,218.82,0.2,525.17,-15.69
ORD-02485,2024-06-09,North,Consumer,Office Supplies,Printer Ink,7,65.51,0.1,412.7,99.44
ORD-00733,2024-06-10,East,Consumer,Office Supplies,Binder,1,15.32,0.2,12.26,2.17
ORD-02900,2024-06-10,South,Consumer,Office Supplies,Printer Ink,6,65.13,0.2,312.62,54.78
ORD-02312,2024-06-11,North,Home Office,Furniture,Desk,7,359.07,0.2,2010.8,-18.44
ORD-02125,2024-06-11,South,Home Office,Technology,Phone,4,624.09,0.3,1747.44,-0.77
ORD-00306,2024-06-11,West,Home Office,Technology,Monitor,4,316.86,0.0,1267.45,197.44
ORD-01213,2024-06-11,East,Consumer,Technology,Monitor,6,312.94,0.05,1783.76,264.39
ORD-02244,2024-06-12,West,Consumer,Furniture,Chair,5,159.1,0.0,795.52,58.84
ORD-02789,2024-06-12,West,Corporate,Furniture,Bookcase,1,185.03,0.1,166.53,2.83
ORD-01423,2024-06-13,South,Corporate,Technology,Monitor,6,290.67,0.05,1656.82,257.13
ORD-00046,2024-06-14,East,Consumer,Furniture,Desk,6,352.24,0.1,1902.08,50.51
ORD-00532,2024-06-15,North,Consumer,Furniture,Chair,4,151.94,0.05,577.37,17.89
ORD-02702,2024-06-15,North,Consumer,Technology,Headphones,3,118.11,0.1,318.9,24.82
ORD-02248,2024-06-15,East,Consumer,Technology,Laptop,1,960.84,0.0,960.84,174.75
ORD-01299,2024-06-16,North,Consumer,Office Supplies,Binder,5,14.73,0.1,66.27,18.36
ORD-01107,2024-06-17,West,Home Office,Office Supplies,Paper,3,20.98,0.0,62.94,21.35
ORD-02074,2024-06-17,South,Consumer,Office Supplies,Stapler,3,10.93,0.05,31.14,8.65
ORD-02080,2024-06-19,South,Corporate,Technology,Laptop,7,938.36,0.05,6240.11,1026.63
ORD-01425,2024-06-19,West,Home Office,Furniture,Chair,3,149.09,0.0,447.28,29.57
ORD-01286,2024-06-19,North,Consumer,Office Supplies,Printer Ink,1,61.39,0.3,42.97,4.49
ORD-00675,2024-06-20,South,Consumer,Office Supplies,Binder,5,16.18,0.0,80.9,24.49
ORD-01310,2024-06-20,East,Consumer,Furniture,Bookcase,1,212.92,0.1,191.63,7.27
ORD-00546,2024-06-20,South,Home Office,Furniture,Bookcase,7,208.61,0.2,1168.21,-61.56
ORD-01545,2024-06-20,North,Consumer,Technology,Phone,7,547.86,0.2,3068.03,174.49
ORD-01191,2024-06-21,East,Corporate,Office Supplies,Binder,6,14.48,0.4,52.13,3.02
ORD-02698,2024-06-21,South,Consumer,Office Supplies,Binder,3,15.39,0.05,43.85,12.43
ORD-02728,2024-06-21,North,Consumer,Office Supplies,Binder,6,13.69,0.3,57.5,5.9
ORD-01005,2024-06-21,North,Consumer,Technology,Headphones,7,114.7,0.1,722.64,85.39
ORD-02162,2024-06-21,North,Corporate,Technology,Phone,7,571.68,0.2,3201.39,117.0
ORD-02025,2024-06-22,North,Consumer,Office Supplies,Paper,5,20.3,0.05,96.4,27.02
ORD-00275,2024-06-22,West,Corporate,Office Supplies,Paper,7,19.71,0.05,131.07,36.26
ORD-00886,2024-06-22,South,Consumer,Office Supplies,Stapler,4,13.14,0.0,52.54,16.83
ORD-02662,2024-06-22,West,Home Office,Furniture,Chair,7,146.25,0.2,819.01,-14.21
ORD-00738,2024-06-22,West,Home Office,Office Supplies,Paper,6,20.67,0.0,124.04,35.59
ORD-01170,2024-06-23,North,Home Office,Office Supplies,Printer Ink,7,54.8,0.4,230.18,9.41
ORD-00846,2024-06-23,East,Corporate,Office Supplies,Binder,4,15.38,0.05,58.45,16.64
ORD-02656,2024-06-23,South,Consumer,Office Supplies,Paper,7,19.95,0.4,83.79,3.42
ORD-01689,2024-06-23,West,Home Office,Office Supplies,Printer Ink,5,61.91,0.0,309.55,93.0
ORD-00876,2024-06-23,North,Corporate,Technology,Monitor,7,313.39,0.2,1754.98,48.0
ORD-01624,2024-06-24,West,Corporate,Technology,Laptop,7,964.78,0.0,6753.48,1370.71
ORD-02661,2024-06-25,South,Consumer,Technology,Laptop,1,910.93,0.05,865.38,184.46
ORD-01729,2024-06-25,West,Corporate,Furniture,Desk,5,342.32,0.3,1198.13,-111.52
ORD-02565,2024-06-25,West,Home Office,Technology,Laptop,5,976.37,0.05,4637.78,732.91
ORD-00832,2024-06-25,East,Consumer,Furniture,Chair,6,137.41,0.0,824.45,72.57
ORD-00659,2024-06-26,East,Consumer,Technology,Laptop,4,872.06,0.0,3488.24,473.38
ORD-01272,2024-06-26,South,Consumer,Office Supplies,Binder,5,15.54,0.3,54.38,7.28
ORD-00219,2024-06-26,South,Corporate,Furniture,Desk,6,345.65,0.1,1866.48,49.37
ORD-01399,2024-06-26,North,Corporate,Office Supplies,Printer Ink,1,56.1,0.0,56.1,16.2
ORD-01186,2024-06-28,West,Home Office,Technology,Phone,7,633.73,0.0,4436.12,814.25
ORD-02672,2024-06-28,West,Consumer,Furniture,Chair,7,161.62,0.05,1074.78,61.12
ORD-00583,2024-06-28,South,Consumer,Office Supplies,Stapler,6,12.19,0.2,58.49,10.25
ORD-01658,2024-06-28,South,Corporate,Office Supplies,Paper,7,18.92,0.1,119.2,26.45
ORD-01069,2024-06-29,North,Consumer,Technology,Phone,7,635.28,0.1,4002.29,575.86
ORD-01066,2024-06-29,South,Home Office,Technology,Monitor,6,323.88,0.2,1554.64,114.2
ORD-00977,2024-06-30,East,Home Office,Technology,Laptop,2,890.87,0.05,1692.66,223.09
ORD-02877,2024-07-01,West,Home Office,Technology,Laptop,3,855.91,0.05,2439.34,369.29
ORD-01261,2024-07-01,East,Corporate,Office Supplies,Printer Ink,2,55.22,0.0,110.44,33.65
ORD-01582,2024-07-01,North,Corporate,Office Supplies,Stapler,2,11.08,0.1,19.95,4.6
ORD-00650,2024-07-01,South,Consumer,Technology,Phone,2,601.54,0.0,1203.08,245.59
ORD-02491,2024-07-02,East,Corporate,Office Supplies,Stapler,7,11.63,0.1,73.28,17.99
ORD-01655,2024-07-02,West,Corporate,Office Supplies,Stapler,1,12.99,0.0,12.99,3.22
ORD-02589,2024-07-02,North,Consumer,Office Supplies,Printer Ink,5,59.96,0.05,284.83,86.32
ORD-01593,2024-07-03,South,Home Office,Technology,Monitor,6,283.36,0.0,1700.14,299.54
ORD-01029,2024-07-03,West,Consumer,Office Supplies,Paper,7,19.06,0.0,133.41,41.02
ORD-01636,2024-07-03,North,Consumer,Furniture,Chair,2,149.88,0.0,299.76,8.71
ORD-02322,2024-07-03,North,Corporate,Office Supplies,Binder,1,15.1,0.2,12.08,2.32
ORD-00470,2024-07-04,East,Home Office,Furniture,Chair,4,154.11,0.1,554.79,24.54
ORD-01372,2024-07-05,North,Consumer,Furniture,Chair,2,135.49,0.0,270.98,19.36
ORD-00932,2024-07-05,East,Home Office,Furniture,Desk,4,376.76,0.05,1431.67,66.77
ORD-02447,2024-07-05,East,Consumer,Furniture,Chair,3,142.23,0.1,384.03,14.34
ORD-00081,2024-07-07,South,Consumer,Technology,Phone,7,641.63,0.3,3144.0,13.25
ORD-02597,2024-07-08,North,Consumer,Furniture,Bookcase,2,218.82,0.0,437.63,32.65
ORD-01570,2024-07-08,South,Consumer,Furniture,Chair,6,141.49,0.0,848.92,60.38
ORD-00843,2024-07-09,South,Consumer,Office Supplies,Printer Ink,5,58.26,0.0,291.29,98.79
ORD-01037,2024-07-09,South,Corporate,Office Supplies,Paper,1,21.8,0.1,19.62,4.87
ORD-00669,2024-07-09,West,Consumer,Office Supplies,Printer Ink,3,58.71,0.3,123.3,14.55
ORD-01882,2024-07-10,West,Home Office,Office Supplies,Stapler,1,11.98,0.05,11.38,3.51
ORD-00880,2024-07-10,South,Corporate,Office Supplies,Printer Ink,1,59.96,0.0,59.96,17.22
ORD-01808,2024-07-10,West,Consumer,Furniture,Chair,7,145.28,0.1,915.24,30.43
ORD-01281,2024-07-10,East,Consumer,Furniture,Chair,3,139.71,0.0,419.14,39.1
ORD-00480,2024-07-10,West,Consumer,Furniture,Bookcase,5,195.93,0.2,783.74,-54.44
ORD-00071,2024-07-10,South,Consumer,Office Supplies,Stapler,3,13.08,0.0,39.24,11.89
ORD-02866,2024-07-12,East,Consumer,Office Supplies,Printer Ink,4,63.51,0.05,241.32,65.31
ORD-02723,2024-07-12,South,Corporate,Office Supplies,Stapler,7,12.5,0.1,78.74,18.55
ORD-01095,2024-07-12,North,Corporate,Furniture,Desk,4,369.1,0.05,1402.57,94.73
ORD-01629,2024-07-12,East,Corporate,Technology,Headphones,1,123.59,0.05,117.41,13.61
ORD-02600,2024-07-13,East,Consumer,Furniture,Chair,4,164.25,0.1,591.3,24.54
ORD-00625,2024-07-13,West,Corporate,Office Supplies,Stapler,3,11.65,0.1,31.47,7.85
ORD-01848,2024-07-14,West,Consumer,Technology,Headphones,6,124.76,0.3,524.0,9.95
ORD-01707,2024-07-14,West,Consumer,Furniture,Desk,2,344.15,0.05,653.88,14.53
ORD-01635,2024-07-14,West,Consumer,Technology,Laptop,1,935.18,0.0,935.18,187.44
ORD-00479,2024-07-14,East,Corporate,Office Supplies,Printer Ink,3,59.33,0.05,169.09,47.11
ORD-00247,2024-07-15,North,Consumer,Office Supplies,Binder,5,15.43,0.1,69.45,15.82
ORD-01942,2024-07-16,North,Corporate,Office Supplies,Stapler,5,12.49,0.1,56.22,14.21
ORD-02176,2024-07-16,West,Consumer,Technology,Laptop,7,916.31,0.05,6093.49,806.7
ORD-00791,2024-07-16,South,Corporate,Furniture,Bookcase,7,217.97,0.0,1525.76,104.52
ORD-00943,2024-07-16,North,Home Office,Office Supplies,Printer Ink,7,58.95,0.2,330.14,57.3
ORD-02158,2024-07-17,East,Consumer,Furniture,Chair,4,162.94,0.1,586.57,16.62
ORD-02860,2024-07-17,West,Consumer,Office Supplies,Stapler,3,12.78,0.0,38.33,13.35
ORD-02864,2024-07-17,East,Consumer,Office Supplies,Printer Ink,5,54.93,0.0,274.63,85.16
ORD-02014,2024-07-17,South,Consumer,Technology,Laptop,4,841.66,0.2,2693.31,175.1
ORD-00123,2024-07-19,West,Home Office,Furniture,Desk,4,324.66,0.3,909.06,-98.78
ORD-00285,2024-07-19,North,Corporate,Office Supplies,Paper,6,21.86,0.0,131.16,44.48
ORD-02222,2024-07-19,West,Corporate,Technology,Headphones,2,119.57,0.2,191.31,16.48
ORD-00311,2024-07-20,North,Corporate,Office Supplies,Paper,2,20.36,0.05,38.67,10.98
ORD-01144,2024-07-20,North,Corporate,Furniture,Bookcase,1,192.86,0.05,183.21,13.22
ORD-01961,2024-07-20,East,Corporate,Technology,Monitor,5,271.52,0.0,1357.58,260.09
ORD-02412,2024-07-20,South,Corporate,Furniture,Desk,1,377.31,0.0,377.31,24.27
ORD-00739,2024-07-20,West,Home Office,Furniture,Bookcase,7,194.92,0.1,1227.96,49.73
ORD-01348,2024-07-21,North,Consumer,Furniture,Desk,7,370.81,0.1,2336.12,-19.98
ORD-02170,2024-07-21,North,Home Office,Office Supplies,Printer Ink,2,57.35,0.2,91.75,18.41
ORD-00365,2024-07-22,North,Corporate,Furniture,Bookcase,6,198.56,0.3,833.97,-76.51
ORD-02367,2024-07-22,North,Consumer,Office Supplies,Binder,7,15.86,0.3,77.71,9.91
ORD-00485,2024-07-22,South,Home Office,Office Supplies,Paper,1,18.81,0.1,16.93,3.64
ORD-02945,2024-07-22,West,Corporate,Technology,Phone,7,544.31,0.05,3619.66,584.24
ORD-01209,2024-07-22,South,Consumer,Technology,Headphones,7,116.4,0.3,570.38,10.48
ORD-00838,2024-07-23,North,Home Office,Office Supplies,Printer Ink,1,58.8,0.05,55.86,15.17
ORD-01034,2024-07-23,West,Consumer,Technology,Monitor,7,314.35,0.0,2200.48,451.84
ORD-00231,2024-07-23,South,Consumer,Technology,Monitor,3,296.29,0.3,622.21,-23.76
ORD-02511,2024-07-23,East,Home Office,Furniture,Chair,5,150.28,0.4,450.83,-76.75
ORD-02280,2024-07-24,North,Home Office,Office Supplies,Printer Ink,3,56.17,0.05,160.09,45.73
ORD-02899,2024-07-24,West,Consumer,Technology,Phone,4,636.59,0.1,2291.74,278.69
ORD-02651,2024-07-24,North,Consumer,Furniture,Desk,3,377.83,0.0,1133.49,34.41
ORD-00686,2024-07-24,South,Consumer,Furniture,Desk,6,341.17,0.1,1842.33,86.85
ORD-02033,2024-07-25,East,Consumer,Furniture,Desk,7,349.57,0.05,2324.62,86.34
ORD-01480,2024-07-26,West,Consumer,Furniture,Chair,1,150.97,0.0,150.97,7.38
ORD-01237,2024-07-27,North,Corporate,Office Supplies,Paper,4,19.34,0.1,69.63,15.84
ORD-01111,2024-07-27,North,Consumer,Office Supplies,Binder,6,15.69,0.0,94.13,29.79
ORD-02625,2024-07-27,West,Home Office,Office Supplies,Binder,7,14.41,0.0,100.84,29.85
ORD-01124,2024-07-28,South,Home Office,Office Supplies,Paper,1,19.37,0.3,13.56,1.83
ORD-02064,2024-07-28,South,Corporate,Office Supplies,Binder,2,15.46,0.05,29.37,8.6
ORD-01137,2024-07-29,West,Consumer,Office Supplies,Printer Ink,3,58.71,0.0,176.13,49.84
ORD-01346,2024-07-30,North,Home Office,Office Supplies,Binder,7,15.93,0.2,89.2,15.48
ORD-01503,2024-07-30,East,Consumer,Furniture,Chair,6,135.89,0.0,815.35,62.81
ORD-02163,2024-07-30,South,Corporate,Furniture,Bookcase,6,213.39,0.1,1152.31,24.5
ORD-02354,2024-07-31,East,Corporate,Office Supplies,Stapler,2,11.05,0.3,15.48,1.89
ORD-00249,2024-07-31,North,Corporate,Furniture,Chair,4,159.36,0.05,605.55,18.91
ORD-02167,2024-07-31,East,Consumer,Office Supplies,Paper,3,21.98,0.2,52.76,11.21
ORD-00476,2024-08-02,South,Consumer,Office Supplies,Paper,1,21.36,0.1,19.22,4.68
ORD-01494,2024-08-02,South,Consumer,Technology,Laptop,6,887.08,0.1,4790.21,435.5
ORD-02635,2024-08-03,East,Corporate,Office Supplies,Stapler,2,11.3,0.1,20.35,4.46
ORD-02334,2024-08-03,East,Consumer,Furniture,Desk,5,374.47,0.0,1872.34,174.83
ORD-02259,2024-08-03,West,Corporate,Technology,Phone,5,569.36,0.2,2277.45,123.91
ORD-01379,2024-08-03,South,Corporate,Technology,Phone,3,598.89,0.2,1437.35,72.45
ORD-01608,2024-08-04,East,Consumer,Technology,Laptop,2,956.01,0.05,1816.42,228.44
ORD-00747,2024-08-06,East,Consumer,Office Supplies,Printer Ink,2,54.88,0.0,109.75,34.09
ORD-01282,2024-08-06,West,Consumer,Office Supplies,Printer Ink,1,65.5,0.4,39.3,1.28
ORD-02851,2024-08-06,South,Consumer,Office Supplies,Paper,3,19.97,0.1,53.92,14.63
ORD-02307,2024-08-06,East,Consumer,Technology,Headphones,4,109.36,0.4,262.46,-17.14
ORD-01380,2024-08-06,West,Corporate,Furniture,Desk,1,365.53,0.0,365.53,36.24
ORD-00496,2024-08-06,South,Corporate,Office Supplies,Binder,6,13.91,0.05,79.26,23.73
ORD-01837,2024-08-07,East,Corporate,Technology,Phone,6,605.79,0.05,3453.01,591.78
ORD-02857,2024-08-07,North,Home Office,Furniture,Desk,6,361.15,0.0,2166.91,195.0
ORD-00118,2024-08-07,South,Consumer,Technology,Laptop,2,940.72,0.0,1881.44,343.02
ORD-00721,2024-08-08,South,Consumer,Furniture,Desk,3,369.85,0.0,1109.56,109.35
ORD-02841,2024-08-08,East,Home Office,Furniture,Chair,6,164.27,0.05,936.34,16.8
ORD-01609,2024-08-08,North,Consumer,Office Supplies,Stapler,6,11.72,0.0,70.29,19.43
ORD-00549,2024-08-09,East,Consumer,Office Supplies,Paper,2,20.77,0.05,39.46,11.73
ORD-02141,2024-08-10,East,Home Office,Office Supplies,Printer Ink,6,55.75,0.0,334.51,98.45
ORD-01466,2024-08-10,East,Home Office,Technology,Laptop,7,900.99,0.0,6306.91,1337.22
ORD-02818,2024-08-10,East,Consumer,Furniture,Desk,1,383.2,0.05,364.04,15.68
ORD-00961,2024-08-10,East,Consumer,Technology,Monitor,3,309.33,0.1,835.19,113.44
ORD-00176,2024-08-11,North,Corporate,Office Supplies,Stapler,5,11.44,0.05,54.33,14.09
ORD-01158,2024-08-12,North,Consumer,Furniture,Chair,5,151.91,0.3,531.7,-63.54
ORD-02304,2024-08-12,West,Consumer,Technology,Laptop,7,850.38,0.3,4166.87,116.74
ORD-01476,2024-08-12,West,Consumer,Furniture,Chair,6,135.95,0.05,774.91,44.87
ORD-00040,2024-08-13,South,Corporate,Furniture,Desk,3,381.26,0.0,1143.77,68.16
ORD-02541,2024-08-13,North,Consumer,Furniture,Bookcase,3,199.98,0.4,359.96,-64.41
ORD-02438,2024-08-13,East,Corporate,Office Supplies,Paper,4,21.07,0.05,80.07,23.4
ORD-00069,2024-08-13,East,Corporate,Furniture,Bookcase,2,219.07,0.1,394.32,0.61
ORD-01457,2024-08-14,East,Consumer,Office Supplies,Stapler,5,12.36,0.2,49.45,8.52
ORD-00995,2024-08-14,West,Consumer,Technology,Phone,6,603.21,0.05,3438.3,490.56
ORD-00708,2024-08-14,North,Consumer,Furniture,Bookcase,4,205.5,0.0,821.98,70.21
ORD-00377,2024-08-14,North,Home Office,Office Supplies,Printer Ink,4,63.33,0.2,202.65,40.58
ORD-02842,2024-08-14,North,Corporate,Technology,Headphones,7,108.44,0.0,759.05,120.74
ORD-00148,2024-08-15,East,Corporate,Office Supplies,Paper,5,19.27,0.0,96.34,27.43
ORD-00001,2024-08-15,North,Consumer,Office Supplies,Binder,3,15.7,0.05,44.74,13.66
ORD-01551,2024-08-15,North,Home Office,Office Supplies,Binder,3,15.24,0.2,36.58,6.1
ORD-01929,2024-08-15,South,Corporate,Technology,Laptop,7,960.1,0.1,6048.6,752.69
ORD-01871,2024-08-16,South,Home Office,Technology,Headphones,4,110.02,0.05,418.08,62.25
ORD-01038,2024-08-16,East,Corporate,Furniture,Desk,6,322.85,0.0,1937.12,190.53
ORD-00609,2024-08-17,North,Corporate,Technology,Headphones,4,122.45,0.2,391.85,34.8
ORD-02013,2024-08-18,North,Home Office,Office Supplies,Stapler,4,12.74,0.4,30.57,2.89
ORD-01811,2024-08-18,East,Consumer,Office Supplies,Stapler,3,12.14,0.1,32.79,8.12
ORD-01677,2024-08-18,North,Consumer,Technology,Monitor,4,299.72,0.0,1198.89,206.81
ORD-00399,2024-08-19,South,Consumer,Office Supplies,Stapler,6,11.53,0.1,62.27,16.76
ORD-02207,2024-08-20,East,Home Office,Office Supplies,Paper,7,21.7,0.4,91.13,7.08
ORD-01906,2024-08-20,South,Home Office,Office Supplies,Stapler,3,11.98,0.05,34.13,9.65
ORD-00014,2024-08-20,West,Consumer,Technology,Monitor,7,312.98,0.05,2081.32,280.16
ORD-01072,2024-08-21,North,Consumer,Furniture,Desk,3,371.18,0.1,1002.17,44.75
ORD-01400,2024-08-22,South,Corporate,Office Supplies,Stapler,7,11.25,0.0,78.77,25.24
ORD-02046,2024-08-22,North,Corporate,Technology,Monitor,5,310.47,0.4,931.4,-42.64
ORD-01905,2024-08-22,East,Corporate,Office Supplies,Paper,3,20.44,0.3,42.93,4.33
ORD-02766,2024-08-23,North,Consumer,Furniture,Chair,5,149.19,0.0,745.97,68.61
ORD-02585,2024-08-23,East,Corporate,Office Supplies,Stapler,5,12.74,0.0,63.71,20.82
ORD-01889,2024-08-24,East,Consumer,Office Supplies,Binder,2,13.54,0.0,27.08,7.02
ORD-02470,2024-08-24,West,Home Office,Office Supplies,Printer Ink,7,62.67,0.0,438.71,132.81
ORD-00092,2024-08-24,North,Corporate,Office Supplies,Stapler,3,12.77,0.0,38.31,11.79
ORD-01807,2024-08-24,North,Consumer,Office Supplies,Binder,2,16.28,0.0,32.57,10.07
ORD-02001,2024-08-24,East,Consumer,Office Supplies,Printer Ink,4,61.64,0.1,221.9,52.31
ORD-01429,2024-08-24,North,Consumer,Technology,Headphones,2,116.41,0.4,139.7,-7.14
ORD-02671,2024-08-25,West,Consumer,Office Supplies,Stapler,7,11.56,0.0,80.94,25.46
ORD-01777,2024-08-25,East,Corporate,Technology,Headphones,2,109.11,0.2,174.58,8.71
ORD-00591,2024-08-26,North,Home Office,Furniture,Bookcase,4,182.6,0.3,511.29,-65.99
ORD-00545,2024-08-26,North,Corporate,Furniture,Desk,3,329.65,0.2,791.16,-67.35
ORD-02071,2024-08-26,North,Consumer,Furniture,Desk,2,360.81,0.1,649.46,16.46
ORD-02160,2024-08-26,North,Corporate,Office Supplies,Stapler,2,11.67,0.05,22.17,6.05
ORD-01539,2024-08-26,South,Home Office,Furniture,Desk,2,318.11,0.3,445.35,-50.02
ORD-01190,2024-08-27,West,Corporate,Technology,Monitor,7,300.36,0.0,2102.52,397.97
ORD-00106,2024-08-27,South,Corporate,Furniture,Bookcase,1,211.14,0.1,190.03,5.9
ORD-00944,2024-08-28,North,Corporate,Technology,Monitor,6,321.82,0.05,1834.39,249.27
ORD-01749,2024-08-28,North,Home Office,Technology,Laptop,1,959.15,0.1,863.24,62.97
ORD-01019,2024-08-28,North,Corporate,Office Supplies,Printer Ink,7,55.27,0.0,386.88,118.4
ORD-01832,2024-08-29,East,Consumer,Office Supplies,Stapler,5,11.71,0.05,55.61,13.48
ORD-00009,2024-08-29,West,Home Office,Office Supplies,Paper,6,20.33,0.05,115.91,33.07
ORD-02588,2024-08-29,East,Consumer,Furniture,Desk,1,326.37,0.1,293.74,12.56
ORD-01288,2024-08-29,North,Corporate,Office Supplies,Printer Ink,6,57.94,0.1,312.88,77.19
ORD-02831,2024-08-30,North,Consumer,Technology,Monitor,6,320.71,0.1,1731.84,148.82
ORD-02221,2024-08-31,North,Consumer,Office Supplies,Stapler,1,13.17,0.0,13.17,3.79
ORD-02052,2024-08-31,North,Home Office,Office Supplies,Binder,6,15.39,0.4,55.4,4.66
ORD-00683,2024-09-01,West,Consumer,Furniture,Bookcase,5,181.36,0.0,906.79,65.97
ORD-02654,2024-09-01,North,Consumer,Technology,Phone,5,582.16,0.0,2910.81,631.96
ORD-00252,2024-09-02,East,Corporate,Technology,Headphones,5,129.67,0.2,518.67,32.44
ORD-00782,2024-09-02,North,Home Office,Office Supplies,Printer Ink,1,58.72,0.1,52.85,11.63
ORD-00395,2024-09-02,South,Corporate,Office Supplies,Paper,5,20.62,0.05,97.96,28.8
ORD-00728,2024-09-03,North,Home Office,Office Supplies,Stapler,3,13.08,0.05,37.27,10.49
ORD-01941,2024-09-03,East,Home Office,Technology,Monitor,3,326.9,0.0,980.7,161.55
ORD-02211,2024-09-03,East,Corporate,Technology,Laptop,1,882.76,0.05,838.62,100.64
ORD-00110,2024-09-04,West,Corporate,Furniture,Desk,5,368.78,0.05,1751.73,24.43
ORD-02914,2024-09-05,East,Corporate,Technology,Headphones,1,115.43,0.0,115.43,17.33
ORD-01422,2024-09-05,West,Corporate,Office Supplies,Printer Ink,6,54.08,0.4,194.7,15.02
ORD-02602,2024-09-05,East,Consumer,Office Supplies,Stapler,7,13.05,0.1,82.2,19.35
ORD-02024,2024-09-05,West,Consumer,Office Supplies,Printer Ink,7,55.03,0.1,346.69,94.62
ORD-01089,2024-09-05,North,Corporate,Technology,Phone,5,616.49,0.2,2465.95,134.94
ORD-02859,2024-09-06,South,Consumer,Technology,Monitor,6,312.57,0.05,1781.63,263.16
ORD-02871,2024-09-06,West,Consumer,Technology,Phone,5,542.35,0.3,1898.21,37.39
ORD-02262,2024-09-07,West,Consumer,Technology,Phone,1,628.4,0.0,628.4,112.26
ORD-00457,2024-09-07,North,Consumer,Office Supplies,Binder,6,14.27,0.05,81.33,21.84
ORD-00398,2024-09-07,North,Corporate,Office Supplies,Stapler,1,13.1,0.0,13.1,4.68
ORD-01001,2024-09-07,North,Corporate,Furniture,Bookcase,6,211.11,0.1,1139.97,8.73
ORD-00056,2024-09-08,North,Consumer,Office Supplies,Printer Ink,1,57.59,0.05,54.71,13.9
ORD-02735,2024-09-09,North,Consumer,Office Supplies,Stapler,6,11.4,0.0,68.39,21.58
ORD-01507,2024-09-09,East,Corporate,Technology,Monitor,2,302.87,0.2,484.59,10.92
ORD-01009,2024-09-10,South,Corporate,Office Supplies,Stapler,6,12.86,0.05,73.33,19.44
ORD-00759,2024-09-10,South,Home Office,Technology,Phone,6,608.09,0.05,3466.1,494.4
ORD-01136,2024-09-10,West,Consumer,Furniture,Desk,3,333.22,0.0,999.67,17.93
ORD-01565,2024-09-10,North,Home Office,Office Supplies,Printer Ink,4,61.24,0.1,220.46,52.71
ORD-02370,2024-09-11,East,Corporate,Technology,Laptop,3,817.92,0.1,2208.37,281.33
ORD-00087,2024-09-11,East,Consumer,Furniture,Bookcase,6,219.91,0.0,1319.45,116.66
ORD-01364,2024-09-11,West,Home Office,Office Supplies,Binder,4,13.7,0.05,52.07,13.98
ORD-01290,2024-09-11,North,Home Office,Technology,Laptop,3,969.37,0.2,2326.48,72.91
ORD-02832,2024-09-12,East,Consumer,Furniture,Desk,4,353.89,0.3,990.9,-86.44
ORD-02510,2024-09-12,South,Consumer,Technology,Headphones,6,125.4,0.4,451.45,-7.25
ORD-00305,2024-09-12,South,Corporate,Technology,Phone,6,622.33,0.05,3547.29,455.49
ORD-01976,2024-09-13,West,Consumer,Furniture,Chair,4,151.42,0.0,605.67,46.5
ORD-01357,2024-09-13,South,Corporate,Furniture,Chair,7,163.7,0.0,1145.92,125.0
ORD-02558,2024-09-13,West,Home Office,Office Supplies,Binder,1,15.71,0.0,15.71,4.81
ORD-01645,2024-09-13,North,Consumer,Office Supplies,Binder,4,15.65,0.2,50.09,7.56
ORD-01176,2024-09-14,South,Consumer,Office Supplies,Stapler,4,12.67,0.05,48.13,12.13
ORD-02636,2024-09-14,North,Consumer,Technology,Laptop,7,942.39,0.1,5937.07,620.03
ORD-00976,2024-09-15,North,Corporate,Technology,Phone,3,635.23,0.1,1715.12,200.88
ORD-00623,2024-09-15,South,Corporate,Office Supplies,Stapler,5,11.27,0.1,50.71,10.53
ORD-02826,2024-09-15,East,Home Office,Office Supplies,Paper,2,18.94,0.2,30.31,5.49
ORD-00354,2024-09-16,South,Home Office,Furniture,Desk,1,333.29,0.0,333.29,31.87
ORD-01321,2024-09-16,South,Home Office,Office Supplies,Binder,2,14.7,0.0,29.4,8.79
ORD-02089,2024-09-16,South,Home Office,Technology,Monitor,3,278.22,0.0,834.66,154.77
ORD-00236,2024-09-17,East,Consumer,Office Supplies,Printer Ink,4,62.86,0.1,226.3,51.5
ORD-00026,2024-09-17,North,Consumer,Technology,Laptop,1,950.49,0.3,665.34,0.69
ORD-02669,2024-09-17,West,Home Office,Office Supplies,Binder,2,13.94,0.0,27.88,8.3
ORD-01642,2024-09-18,West,Consumer,Furniture,Bookcase,4,189.11,0.05,718.62,35.58
ORD-01779,2024-09-18,North,Home Office,Office Supplies,Printer Ink,3,65.11,0.1,175.8,39.82
ORD-00883,2024-09-18,South,Consumer,Furniture,Bookcase,7,192.51,0.2,1078.03,-56.5
ORD-01544,2024-09-18,West,Home Office,Furniture,Bookcase,2,192.3,0.0,384.61,41.91
ORD-02705,2024-09-19,North,Corporate,Furniture,Bookcase,3,202.74,0.0,608.21,49.63
ORD-00900,2024-09-19,North,Home Office,Technology,Laptop,1,900.68,0.0,900.68,176.65
ORD-01830,2024-09-19,East,Corporate,Office Supplies,Stapler,2,12.3,0.0,24.59,7.79
ORD-00983,2024-09-19,North,Home Office,Technology,Headphones,6,121.22,0.1,654.56,87.12
ORD-01487,2024-09-19,South,Home Office,Technology,Laptop,5,985.82,0.0,4929.09,859.63
ORD-01226,2024-09-20,West,Consumer,Office Supplies,Paper,6,21.96,0.1,118.59,32.4
ORD-00550,2024-09-20,South,Consumer,Office Supplies,Binder,1,14.68,0.05,13.95,3.7
ORD-00855,2024-09-20,North,Corporate,Technology,Phone,7,635.53,0.1,4003.86,457.66
ORD-00034,2024-09-20,South,Corporate,Office Supplies,Binder,3,14.5,0.0,43.5,14.37
ORD-02970,2024-09-20,West,Corporate,Furniture,Chair,4,142.07,0.1,511.47,19.4
ORD-02302,2024-09-22,East,Consumer,Office Supplies,Paper,6,20.75,0.1,112.07,29.05
ORD-00061,2024-09-22,South,Consumer,Furniture,Desk,5,335.52,0.1,1509.84,-7.97
ORD-01817,2024-09-23,South,Corporate,Furniture,Bookcase,4,193.48,0.2,619.13,-31.79
ORD-02673,2024-09-23,West,Consumer,Furniture,Desk,4,328.26,0.05,1247.39,69.63
ORD-01968,2024-09-23,West,Consumer,Technology,Monitor,5,303.37,0.0,1516.86,306.58
ORD-02676,2024-09-23,North,Corporate,Technology,Laptop,1,826.0,0.1,743.4,77.35
ORD-02935,2024-09-23,North,Home Office,Office Supplies,Paper,3,21.99,0.0,65.96,20.26
ORD-02995,2024-09-24,South,Home Office,Furniture,Desk,3,375.82,0.3,789.21,-44.33
ORD-01012,2024-09-24,West,Corporate,Office Supplies,Stapler,4,12.0,0.4,28.8,0.94
ORD-00144,2024-09-25,South,Corporate,Office Supplies,Binder,5,15.58,0.05,74.02,18.88
ORD-01704,2024-09-25,North,Home Office,Technology,Headphones,6,108.7,0.0,652.2,131.4
ORD-00471,2024-09-25,East,Home Office,Furniture,Chair,4,139.5,0.0,558.0,16.33
ORD-00486,2024-09-25,North,Consumer,Office Supplies,Paper,4,21.78,0.0,87.12,24.97
ORD-02057,2024-09-26,North,Consumer,Furniture,Desk,6,359.77,0.05,2050.69,43.38
ORD-01936,2024-09-26,South,Consumer,Furniture,Desk,2,334.56,0.2,535.3,-13.56
ORD-01489,2024-09-27,West,Consumer,Furniture,Chair,6,146.6,0.4,527.75,-73.36
ORD-01994,2024-09-27,South,Consumer,Office Supplies,Printer Ink,4,54.99,0.05,208.94,54.3
ORD-00037,2024-09-27,North,Consumer,Technology,Headphones,5,127.74,0.05,606.78,95.68
ORD-00709,2024-09-28,West,Consumer,Office Supplies,Binder,7,16.38,0.0,114.68,31.77
ORD-01227,2024-09-28,South,Consumer,Technology,Laptop,3,874.66,0.05,2492.78,292.49
ORD-01748,2024-09-28,East,Home Office,Office Supplies,Paper,6,20.5,0.0,122.98,38.5
ORD-00600,2024-09-29,East,Consumer,Technology,Monitor,1,281.94,0.1,253.75,36.31
ORD-02362,2024-09-29,West,Consumer,Technology,Monitor,7,273.6,0.4,1149.1,-51.93
ORD-01568,2024-09-29,West,Corporate,Office Supplies,Printer Ink,5,62.11,0.05,295.01,67.57
ORD-01922,2024-09-29,North,Corporate,Technology,Phone,5,608.23,0.05,2889.11,288.67
ORD-01479,2024-09-30,East,Corporate,Office Supplies,Binder,1,15.38,0.3,10.76,1.25
ORD-00310,2024-09-30,West,Corporate,Office Supplies,Paper,7,18.53,0.3,90.81,9.81
ORD-01527,2024-09-30,North,Corporate,Office Supplies,Printer Ink,3,63.92,0.0,191.77,52.93
ORD-00383,2024-10-01,East,Consumer,Office Supplies,Paper,4,20.83,0.0,83.34,25.86
ORD-01630,2024-10-01,East,Consumer,Technology,Phone,7,551.24,0.0,3858.66,660.11
ORD-02055,2024-10-02,South,Consumer,Technology,Phone,6,542.46,0.0,3254.79,502.35
ORD-00753,2024-10-02,South,Consumer,Office Supplies,Binder,2,16.0,0.0,32.0,10.19
ORD-01088,2024-10-03,West,Corporate,Technology,Headphones,7,119.67,0.2,670.14,34.53
ORD-00321,2024-10-03,East,Consumer,Furniture,Bookcase,1,203.12,0.05,192.97,4.92
ORD-01535,2024-10-03,East,Consumer,Technology,Phone,5,574.66,0.05,2729.65,427.03
ORD-01342,2024-10-04,South,Consumer,Office Supplies,Paper,3,18.59,0.0,55.77,16.98
ORD-02444,2024-10-04,North,Corporate,Office Supplies,Paper,4,19.23,0.1,69.24,16.81
ORD-00965,2024-10-04,West,Corporate,Technology,Monitor,2,300.22,0.1,540.4,55.75
ORD-00903,2024-10-04,West,Corporate,Furniture,Chair,7,160.03,0.4,672.12,-96.03
ORD-01827,2024-10-04,East,Corporate,Furniture,Bookcase,4,182.38,0.1,656.56,0.16
ORD-01421,2024-10-05,North,Home Office,Technology,Laptop,5,944.5,0.2,3778.0,105.72
ORD-00137,2024-10-05,South,Consumer,Technology,Phone,3,653.91,0.2,1569.38,101.84
ORD-00572,2024-10-05,South,Consumer,Furniture,Bookcase,6,189.08,0.1,1021.05,16.01
ORD-02213,2024-10-05,South,Consumer,Office Supplies,Printer Ink,5,63.58,0.0,317.91,99.63
ORD-01207,2024-10-09,North,Corporate,Technology,Laptop,5,817.0,0.3,2859.49,-73.45
ORD-02303,2024-10-09,North,Home Office,Furniture,Bookcase,4,209.25,0.0,837.01,54.81
ORD-01478,2024-10-09,East,Consumer,Office Supplies,Binder,5,15.65,0.2,62.6,10.64
ORD-00140,2024-10-10,North,Corporate,Furniture,Desk,4,317.16,0.05,1205.23,45.5
ORD-02414,2024-10-10,North,Consumer,Office Supplies,Paper,5,19.31,0.0,96.54,33.8
ORD-02356,2024-10-12,South,Consumer,Office Supplies,Stapler,2,12.38,0.0,24.76,7.37
ORD-00221,2024-10-12,North,Corporate,Office Supplies,Paper,2,21.45,0.05,40.76,10.85
ORD-00621,2024-10-13,South,Corporate,Technology,Laptop,3,914.17,0.2,2194.02,113.1
ORD-02006,2024-10-13,West,Consumer,Office Supplies,Paper,6,20.28,0.3,85.18,9.14
ORD-01077,2024-10-13,South,Consumer,Office Supplies,Printer Ink,4,57.12,0.2,182.78,35.89
ORD-00745,2024-10-13,West,Consumer,Office Supplies,Stapler,6,11.2,0.0,67.22,21.78
ORD-00141,2024-10-14,East,Consumer,Technology,Monitor,4,324.9,0.1,1169.64,101.78
ORD-00958,2024-10-14,West,Consumer,Technology,Phone,7,618.69,0.4,2598.49,-129.45
ORD-00557,2024-10-14,North,Home Office,Office Supplies,Printer Ink,6,57.66,0.0,345.93,104.29
ORD-01148,2024-10-15,North,Consumer,Furniture,Desk,5,347.22,0.05,1649.29,68.08
ORD-02664,2024-10-15,West,Corporate,Technology,Phone,7,552.93,0.0,3870.51,641.07
ORD-02801,2024-10-16,East,Corporate,Office Supplies,Printer Ink,1,60.88,0.1,54.79,12.82
ORD-00358,2024-10-16,East,Consumer,Office Supplies,Stapler,4,12.82,0.3,35.9,3.43
ORD-01821,2024-10-16,South,Home Office,Technology,Headphones,2,114.78,0.3,160.69,4.97
ORD-02612,2024-10-17,South,Consumer,Technology,Laptop,5,868.7,0.0,4343.52,757.59
ORD-00559,2024-10-17,South,Corporate,Furniture,Chair,4,161.46,0.0,645.83,59.76
ORD-00125,2024-10-18,West,Consumer,Technology,Laptop,6,819.94,0.2,3935.72,263.16
ORD-01269,2024-10-18,West,Corporate,Office Supplies,Stapler,6,10.99,0.2,52.75,10.65
ORD-01920,2024-10-18,South,Consumer,Furniture,Chair,1,136.65,0.2,109.32,-4.13
ORD-02615,2024-10-18,South,Home Office,Technology,Monitor,4,296.16,0.0,1184.65,219.9
ORD-00508,2024-10-18,North,Consumer,Office Supplies,Binder,6,16.02,0.2,76.9,12.86
ORD-01829,2024-10-18,North,Corporate,Office Supplies,Printer Ink,7,61.21,0.0,428.5,140.13
ORD-01569,2024-10-18,South,Consumer,Office Supplies,Printer Ink,7,58.16,0.3,285.01,39.04
ORD-02097,2024-10-19,North,Home Office,Office Supplies,Printer Ink,2,58.15,0.0,116.3,37.1
ORD-01724,2024-10-20,North,Home Office,Technology,Phone,5,545.89,0.2,2183.54,105.79
ORD-00906,2024-10-20,North,Consumer,Office Supplies,Binder,4,14.07,0.2,45.01,7.28
ORD-02631,2024-10-21,West,Consumer,Technology,Laptop,6,829.18,0.0,4975.09,827.37
ORD-00677,2024-10-21,East,Home Office,Office Supplies,Paper,1,20.29,0.1,18.26,4.48
ORD-01320,2024-10-21,North,Home Office,Office Supplies,Binder,6,14.65,0.0,87.92,25.65
ORD-02318,2024-10-21,South,Consumer,Furniture,Chair,3,146.99,0.1,396.86,12.33
ORD-01331,2024-10-21,West,Consumer,Office Supplies,Printer Ink,5,60.67,0.05,288.17,71.52
ORD-02748,2024-10-22,North,Corporate,Office Supplies,Binder,5,13.61,0.4,40.84,0.42
ORD-01473,2024-10-22,West,Consumer,Technology,Laptop,4,820.18,0.0,3280.71,638.44
ORD-01557,2024-10-23,West,Consumer,Office Supplies,Binder,3,16.48,0.4,29.67,1.83
ORD-01268,2024-10-23,North,Corporate,Office Supplies,Paper,3,20.26,0.05,57.74,15.45
ORD-02329,2024-10-23,South,Consumer,Furniture,Bookcase,6,200.61,0.0,1203.64,109.57
ORD-02499,2024-10-23,North,Consumer,Technology,Headphones,6,119.54,0.3,502.08,21.7
ORD-01818,2024-10-24,West,Consumer,Furniture,Desk,1,369.37,0.0,369.37,30.55
ORD-00580,2024-10-24,South,Consumer,Office Supplies,Printer Ink,1,56.53,0.0,56.53,18.97
ORD-02551,2024-10-24,West,Consumer,Technology,Monitor,1,271.4,0.0,271.4,53.19
ORD-01852,2024-10-25,South,Consumer,Office Supplies,Binder,3,14.54,0.0,43.62,13.22
ORD-00202,2024-10-26,North,Corporate,Office Supplies,Printer Ink,3,60.63,0.1,163.7,39.36
ORD-02675,2024-10-26,West,Home Office,Office Supplies,Binder,7,15.56,0.0,108.92,29.2
ORD-01126,2024-10-26,North,Consumer,Furniture,Desk,4,336.16,0.1,1210.19,25.89
ORD-02357,2024-10-26,North,Corporate,Furniture,Bookcase,4,204.5,0.4,490.81,-74.38
ORD-00089,2024-10-26,East,Consumer,Office Supplies,Printer Ink,2,59.27,0.1,106.69,25.39
ORD-02066,2024-10-28,West,Consumer,Office Supplies,Binder,6,14.24,0.4,51.25,2.79
ORD-02169,2024-10-28,West,Home Office,Furniture,Desk,7,375.95,0.2,2105.34,-98.66
ORD-01686,2024-10-28,North,Home Office,Technology,Laptop,2,944.29,0.05,1794.15,254.3
ORD-02172,2024-10-28,West,Consumer,Office Supplies,Paper,5,21.71,0.1,97.7,18.85
ORD-02716,2024-10-29,South,Consumer,Office Supplies,Paper,3,20.77,0.05,59.21,17.36
ORD-00503,2024-10-29,East,Consumer,Office Supplies,Paper,2,18.1,0.3,25.35,3.47
ORD-01174,2024-10-30,West,Consumer,Office Supplies,Paper,4,18.51,0.0,74.04,20.09
ORD-00277,2024-10-30,South,Home Office,Furniture,Chair,4,161.21,0.1,580.35,6.29
ORD-00575,2024-10-30,South,Consumer,Furniture,Bookcase,1,199.55,0.05,189.57,7.27
ORD-02069,2024-10-30,South,Consumer,Furniture,Chair,1,153.97,0.1,138.57,3.79
ORD-02134,2024-10-30,East,Home Office,Office Supplies,Printer Ink,5,61.74,0.1,277.82,67.84
ORD-00437,2024-10-30,East,Consumer,Furniture,Chair,1,141.87,0.0,141.87,11.29
ORD-02062,2024-10-30,West,Consumer,Furniture,Desk,6,319.01,0.2,1531.27,-26.42
ORD-01687,2024-10-31,South,Consumer,Furniture,Desk,2,357.57,0.0,715.14,45.14
ORD-01505,2024-10-31,North,Home Office,Furniture,Bookcase,2,208.22,0.1,374.79,21.72
ORD-02480,2024-10-31,North,Home Office,Technology,Monitor,1,286.86,0.2,229.49,10.54
ORD-01880,2024-10-31,West,Corporate,Technology,Phone,3,595.74,0.1,1608.5,233.77
ORD-02974,2024-10-31,South,Corporate,Office Supplies,Stapler,4,11.75,0.0,47.02,12.62
ORD-00209,2024-11-01,West,Consumer,Technology,Phone,4,619.94,0.0,2479.74,428.6
ORD-02540,2024-11-01,South,Consumer,Office Supplies,Binder,6,13.54,0.2,65.02,11.05
ORD-00469,2024-11-02,West,Consumer,Office Supplies,Binder,2,13.63,0.0,27.26,8.56
ORD-00808,2024-11-02,West,Home Office,Office Supplies,Paper,7,19.48,0.3,95.47,14.28
ORD-01475,2024-11-02,East,Consumer,Office Supplies,Printer Ink,6,54.94,0.1,296.67,58.25
ORD-02267,2024-11-02,South,Consumer,Office Supplies,Binder,1,15.46,0.2,12.36,1.81
ORD-00744,2024-11-02,East,Consumer,Technology,Phone,5,653.26,0.2,2613.06,153.82
ORD-02539,2024-11-03,North,Consumer,Technology,Phone,2,604.35,0.2,966.97,57.4
ORD-01969,2024-11-03,South,Corporate,Office Supplies,Binder,2,14.18,0.2,22.68,4.5
ORD-01032,2024-11-03,North,Home Office,Office Supplies,Printer Ink,5,56.36,0.0,281.81,80.18
ORD-02689,2024-11-04,South,Home Office,Office Supplies,Binder,4,14.16,0.3,39.64,3.81
ORD-00720,2024-11-05,North,Consumer,Office Supplies,Printer Ink,4,57.73,0.0,230.91,63.89
ORD-02197,2024-11-05,West,Corporate,Furniture,Chair,5,147.74,0.0,738.71,80.26
ORD-00499,2024-11-05,South,Corporate,Office Supplies,Binder,2,16.36,0.0,32.71,9.32
ORD-02720,2024-11-05,West,Consumer,Office Supplies,Printer Ink,4,63.63,0.3,178.18,18.59
ORD-00303,2024-11-06,East,Consumer,Office Supplies,Printer Ink,4,59.8,0.05,227.24,58.38
ORD-02777,2024-11-06,North,Corporate,Furniture,Chair,6,149.07,0.0,894.44,77.38
ORD-00839,2024-11-07,East,Corporate,Technology,Headphones,1,125.6,0.4,75.36,-3.94
ORD-00171,2024-11-07,West,Consumer,Office Supplies,Stapler,5,11.22,0.2,44.87,8.53
ORD-02031,2024-11-07,South,Consumer,Office Supplies,Stapler,3,12.33,0.1,33.3,7.21
ORD-00647,2024-11-07,East,Corporate,Furniture,Chair,4,141.19,0.0,564.77,58.63
ORD-01826,2024-11-07,South,Corporate,Technology,Phone,2,602.46,0.0,1204.93,212.12
ORD-01437,2024-11-08,South,Corporate,Technology,Headphones,4,108.43,0.0,433.71,74.17
ORD-00859,2024-11-08,West,Consumer,Technology,Laptop,3,838.92,0.1,2265.09,257.13
ORD-01131,2024-11-08,West,Corporate,Office Supplies,Printer Ink,3,60.2,0.2,144.49,22.0
ORD-00729,2024-11-08,North,Consumer,Office Supplies,Stapler,4,12.37,0.1,44.54,10.34
ORD-02563,2024-11-08,West,Corporate,Technology,Laptop,4,822.66,0.2,2632.51,126.72
ORD-02954,2024-11-09,North,Consumer,Furniture,Desk,7,341.05,0.1,2148.59,-49.75
ORD-00957,2024-11-09,East,Corporate,Office Supplies,Paper,4,21.57,0.05,81.97,22.85
ORD-02110,2024-11-10,East,Consumer,Technology,Laptop,5,979.74,0.4,2939.23,-119.69
ORD-01474,2024-11-10,North,Home Office,Furniture,Bookcase,1,191.92,0.05,182.33,11.9
ORD-02473,2024-11-10,East,Corporate,Technology,Phone,6,580.4,0.0,3482.42,591.32
ORD-01621,2024-11-10,East,Corporate,Office Supplies,Paper,3,21.84,0.1,58.97,14.13
ORD-00182,2024-11-10,West,Corporate,Furniture,Chair,2,148.55,0.3,207.97,-26.28
ORD-01999,2024-11-11,South,Consumer,Office Supplies,Printer Ink,3,56.55,0.05,161.16,38.84
ORD-02634,2024-11-11,West,Consumer,Technology,Laptop,2,910.25,0.0,1820.51,299.8
ORD-00842,2024-11-11,South,Corporate,Office Supplies,Printer Ink,6,62.06,0.3,260.66,38.94
ORD-00147,2024-11-11,South,Home Office,Office Supplies,Paper,3,19.54,0.2,46.9,10.52
ORD-00504,2024-11-11,West,Corporate,Office Supplies,Binder,7,15.83,0.1,99.71,26.54
ORD-01356,2024-11-11,West,Home Office,Office Supplies,Printer Ink,2,64.59,0.0,129.17,38.14
ORD-01775,2024-11-12,North,Home Office,Technology,Phone,5,545.4,0.05,2590.65,388.51
ORD-02015,2024-11-12,East,Consumer,Technology,Laptop,1,977.94,0.05,929.04,159.05
ORD-02495,2024-11-12,South,Consumer,Technology,Laptop,2,890.41,0.1,1602.75,176.49
ORD-01365,2024-11-12,East,Home Office,Technology,Headphones,5,119.35,0.0,596.76,110.8
ORD-02306,2024-11-12,East,Consumer,Office Supplies,Stapler,2,12.46,0.0,24.91,7.7
ORD-00899,2024-11-12,North,Home Office,Technology,Monitor,2,317.75,0.05,603.72,74.87
ORD-02369,2024-11-12,North,Corporate,Furniture,Chair,6,162.75,0.3,683.54,-46.3
ORD-01215,2024-11-12,South,Home Office,Technology,Laptop,4,814.81,0.0,3259.26,637.69
ORD-00355,2024-11-12,South,Corporate,Furniture,Desk,6,370.44,0.05,2111.53,81.83
ORD-02255,2024-11-12,South,Home Office,Office Supplies,Binder,7,14.82,0.4,62.22,4.6
ORD-01695,2024-11-13,West,Consumer,Office Supplies,Binder,1,13.94,0.0,13.94,4.24
ORD-00288,2024-11-13,West,Consumer,Technology,Phone,4,604.87,0.3,1693.64,-10.69
ORD-00536,2024-11-14,West,Home Office,Technology,Phone,5,591.53,0.0,2957.67,526.36
ORD-02759,2024-11-14,West,Home Office,Technology,Phone,5,649.69,0.05,3086.02,546.79
ORD-02861,2024-11-14,North,Home Office,Technology,Monitor,6,302.44,0.1,1633.19,178.83
ORD-02184,2024-11-15,West,Home Office,Technology,Headphones,3,111.38,0.3,233.9,-6.53
ORD-01258,2024-11-15,South,Consumer,Office Supplies,Binder,7,14.68,0.0,102.74,29.24
ORD-01863,2024-11-15,South,Corporate,Office Supplies,Printer Ink,1,60.15,0.05,57.15,16.67
ORD-02417,2024-11-16,North,Consumer,Office Supplies,Paper,4,19.65,0.1,70.75,15.81
ORD-01679,2024-11-16,North,Consumer,Office Supplies,Stapler,2,10.89,0.0,21.77,6.52
ORD-02459,2024-11-16,North,Consumer,Technology,Monitor,2,290.13,0.05,551.25,92.45
ORD-02544,2024-11-16,West,Home Office,Office Supplies,Binder,4,14.5,0.0,57.99,17.32
ORD-01521,2024-11-17,West,Consumer,Furniture,Chair,4,164.78,0.2,527.31,-20.25
ORD-01868,2024-11-17,North,Home Office,Furniture,Bookcase,2,210.6,0.0,421.2,49.4
ORD-00695,2024-11-17,East,Corporate,Furniture,Bookcase,1,200.77,0.2,160.61,-0.26
ORD-02878,2024-11-17,South,Consumer,Office Supplies,Binder,6,15.07,0.0,90.39,27.94
ORD-01822,2024-11-17,East,Consumer,Office Supplies,Paper,2,18.54,0.0,37.09,9.94
ORD-02737,2024-11-17,East,Consumer,Office Supplies,Stapler,2,11.23,0.05,21.33,6.12
ORD-00959,2024-11-17,East,Consumer,Furniture,Desk,5,353.6,0.2,1414.4,-60.25
ORD-00950,2024-11-18,East,Corporate,Furniture,Chair,4,163.26,0.05,620.38,30.65
ORD-02028,2024-11-18,North,Consumer,Office Supplies,Printer Ink,7,63.79,0.1,401.88,98.6
ORD-01738,2024-11-18,North,Consumer,Technology,Headphones,4,126.91,0.3,355.34,2.54
ORD-00243,2024-11-18,West,Home Office,Technology,Phone,4,649.3,0.2,2077.77,158.74
ORD-02075,2024-11-18,North,Home Office,Technology,Headphones,2,121.32,0.05,230.51,41.99
ORD-02701,2024-11-19,East,Consumer,Technology,Laptop,1,948.49,0.1,853.64,90.9
ORD-01023,2024-11-19,South,Home Office,Office Supplies,Paper,6,19.66,0.0,117.97,36.84
ORD-00581,2024-11-19,East,Consumer,Office Supplies,Printer Ink,7,61.38,0.0,429.68,114.82
ORD-02508,2024-11-19,South,Corporate,Office Supplies,Printer Ink,3,56.17,0.1,151.67,39.15
ORD-00978,2024-11-19,East,Home Office,Furniture,Chair,3,143.41,0.0,430.23,28.5
ORD-00327,2024-11-19,South,Home Office,Office Supplies,Printer Ink,6,55.76,0.0,334.55,90.6
ORD-02135,2024-11-19,East,Consumer,Furniture,Bookcase,6,180.97,0.05,1031.55,42.02
ORD-01747,2024-11-19,South,Home Office,Office Supplies,Binder,7,14.59,0.05,97.05,26.93
ORD-02250,2024-11-20,North,Corporate,Furniture,Bookcase,2,218.27,0.1,392.88,-3.16
ORD-02912,2024-11-20,North,Corporate,Furniture,Desk,4,324.1,0.1,1166.75,18.7
ORD-02111,2024-11-20,West,Consumer,Office Supplies,Binder,4,15.58,0.05,59.22,13.09
ORD-01154,2024-11-20,North,Consumer,Office Supplies,Stapler,6,11.63,0.3,48.83,6.3
ORD-01396,2024-11-21,West,Home Office,Technology,Phone,4,568.67,0.0,2274.67,410.32
ORD-01382,2024-11-21,West,Consumer,Technology,Monitor,5,308.06,0.0,1540.3,260.1
ORD-00323,2024-11-21,East,Consumer,Office Supplies,Printer Ink,5,57.04,0.05,270.92,82.54
ORD-00302,2024-11-22,East,Consumer,Technology,Phone,3,582.5,0.3,1223.25,-25.16
ORD-00960,2024-11-22,West,Corporate,Furniture,Bookcase,1,216.77,0.0,216.77,15.89
ORD-00817,2024-11-22,South,Consumer,Technology,Headphones,6,128.89,0.2,618.66,42.38
ORD-01332,2024-11-22,South,Consumer,Technology,Monitor,6,275.41,0.05,1569.85,217.96
ORD-02455,2024-11-23,East,Consumer,Furniture,Chair,5,149.3,0.0,746.49,53.95
ORD-02413,2024-11-23,East,Consumer,Technology,Headphones,4,114.06,0.2,365.01,21.73
ORD-02239,2024-11-23,West,Consumer,Office Supplies,Printer Ink,2,61.91,0.0,123.83,39.76
ORD-01447,2024-11-23,East,Corporate,Furniture,Chair,4,156.7,0.0,626.79,58.7
ORD-01167,2024-11-24,East,Corporate,Furniture,Chair,5,155.66,0.0,778.32,61.34
ORD-02787,2024-11-24,South,Consumer,Office Supplies,Printer Ink,6,64.7,0.3,271.74,39.19
ORD-00569,2024-11-24,East,Home Office,Furniture,Bookcase,7,219.22,0.05,1457.79,34.51
ORD-02443,2024-11-24,North,Corporate,Office Supplies,Paper,4,20.29,0.0,81.17,25.82
ORD-00689,2024-11-25,East,Consumer,Furniture,Chair,2,159.05,0.1,286.29,-1.17
ORD-01461,2024-11-25,East,Corporate,Furniture,Bookcase,1,195.01,0.05,185.26,9.39
ORD-01058,2024-11-26,West,Corporate,Furniture,Chair,1,144.0,0.05,136.8,7.09
ORD-00923,2024-11-26,West,Consumer,Office Supplies,Printer Ink,2,65.6,0.0,131.2,38.97
ORD-01417,2024-11-27,South,Corporate,Technology,Headphones,6,113.27,0.05,645.62,70.07
ORD-02550,2024-11-27,East,Home Office,Technology,Laptop,4,810.23,0.0,3240.92,604.62
ORD-02965,2024-11-27,West,Corporate,Technology,Headphones,4,128.69,0.1,463.29,57.48
ORD-02574,2024-11-28,North,Consumer,Furniture,Bookcase,5,186.77,0.05,887.15,55.91
ORD-01076,2024-11-28,East,Consumer,Office Supplies,Paper,2,18.09,0.05,34.37,9.6
ORD-01416,2024-11-29,South,Corporate,Furniture,Desk,6,352.47,0.3,1480.39,-139.94
ORD-02047,2024-11-29,North,Corporate,Office Supplies,Binder,1,15.6,0.3,10.92,0.78
ORD-01815,2024-11-29,West,Corporate,Technology,Monitor,3,326.47,0.4,587.65,-39.67
ORD-02884,2024-11-30,West,Consumer,Furniture,Bookcase,3,210.54,0.2,505.29,-15.08
ORD-01878,2024-11-30,East,Consumer,Furniture,Bookcase,7,193.42,0.2,1083.16,-54.8
ORD-02353,2024-11-30,East,Corporate,Office Supplies,Paper,3,18.63,0.0,55.9,17.84
ORD-02993,2024-12-01,North,Home Office,Office Supplies,Binder,1,14.82,0.0,14.82,4.61
ORD-02518,2024-12-01,South,Consumer,Technology,Phone,2,571.85,0.0,1143.71,230.44
ORD-00495,2024-12-01,West,Corporate,Office Supplies,Stapler,6,11.61,0.3,48.78,7.21
ORD-01913,2024-12-01,East,Corporate,Office Supplies,Binder,2,16.39,0.0,32.77,10.09
ORD-02987,2024-12-01,South,Consumer,Furniture,Chair,3,137.08,0.0,411.25,33.76
ORD-02882,2024-12-01,East,Consumer,Office Supplies,Printer Ink,5,54.26,0.0,271.31,80.82
ORD-01956,2024-12-02,North,Consumer,Office Supplies,Stapler,5,11.29,0.0,56.45,16.91
ORD-01201,2024-12-02,North,Consumer,Office Supplies,Paper,7,20.2,0.0,141.39,38.97
ORD-01532,2024-12-02,North,Consumer,Office Supplies,Paper,7,19.59,0.0,137.15,43.59
ORD-01572,2024-12-03,East,Home Office,Technology,Laptop,3,929.51,0.4,1673.12,-149.01
ORD-01125,2024-12-03,North,Consumer,Technology,Laptop,2,818.87,0.0,1637.74,265.3
ORD-02496,2024-12-03,South,Home Office,Office Supplies,Stapler,5,11.54,0.4,34.63,2.09
ORD-00610,2024-12-04,South,Consumer,Office Supplies,Stapler,4,11.51,0.1,41.44,9.34
ORD-00919,2024-12-04,East,Corporate,Furniture,Bookcase,7,183.74,0.1,1157.57,23.37
ORD-00153,2024-12-04,West,Consumer,Technology,Headphones,6,108.97,0.05,621.16,108.59
ORD-01892,2024-12-04,West,Home Office,Furniture,Bookcase,3,202.11,0.3,424.44,-49.62
ORD-01798,2024-12-04,West,Consumer,Office Supplies,Printer Ink,3,61.83,0.0,185.48,54.18
ORD-00831,2024-12-04,West,Home Office,Office Supplies,Paper,7,20.56,0.05,136.72,41.75
ORD-00065,2024-12-04,South,Consumer,Furniture,Chair,3,161.52,0.05,460.32,20.75
ORD-00380,2024-12-04,North,Corporate,Technology,Laptop,6,859.21,0.2,4124.19,264.75
ORD-02399,2024-12-05,West,Consumer,Technology,Headphones,6,130.1,0.1,702.56,81.54
ORD-01292,2024-12-05,North,Corporate,Technology,Laptop,4,869.54,0.1,3130.36,373.33
ORD-02732,2024-12-05,East,Consumer,Office Supplies,Stapler,6,11.6,0.0,69.62,18.95
ORD-00227,2024-12-05,North,Consumer,Technology,Monitor,1,285.96,0.05,271.66,45.25
ORD-00164,2024-12-05,South,Consumer,Office Supplies,Paper,3,18.58,0.0,55.74,17.26
ORD-00628,2024-12-05,West,Corporate,Office Supplies,Paper,5,20.44,0.0,102.18,31.51
ORD-00016,2024-12-05,North,Home Office,Office Supplies,Binder,3,16.11,0.4,29.0,1.67
ORD-00968,2024-12-05,West,Consumer,Furniture,Chair,3,150.67,0.0,452.02,22.9
ORD-00541,2024-12-06,North,Corporate,Furniture,Desk,1,343.74,0.1,309.37,12.05
ORD-02406,2024-12-06,South,Corporate,Furniture,Desk,7,353.32,0.0,2473.24,170.93
ORD-02719,2024-12-06,East,Consumer,Technology,Headphones,4,124.76,0.0,499.05,86.9
ORD-00078,2024-12-06,East,Consumer,Office Supplies,Stapler,3,10.84,0.0,32.53,8.16
ORD-02867,2024-12-06,South,Consumer,Office Supplies,Paper,5,19.74,0.0,98.7,28.59
ORD-01587,2024-12-06,South,Home Office,Office Supplies,Printer Ink,4,63.84,0.2,204.29,37.04
ORD-02276,2024-12-06,South,Consumer,Office Supplies,Binder,2,13.85,0.1,24.94,6.69
ORD-02571,2024-12-07,West,Consumer,Technology,Monitor,1,324.43,0.0,324.43,58.13
ORD-00066,2024-12-08,West,Corporate,Furniture,Chair,3,136.1,0.0,408.3,19.83
ORD-02815,2024-12-08,South,Corporate,Office Supplies,Printer Ink,6,64.18,0.05,365.84,93.64
ORD-00705,2024-12-09,North,Corporate,Technology,Monitor,5,292.24,0.2,1168.95,49.15
ORD-01879,2024-12-09,East,Consumer,Furniture,Chair,6,140.16,0.0,840.97,50.69
ORD-01212,2024-12-09,North,Corporate,Furniture,Desk,2,370.09,0.05,703.17,17.91
ORD-02626,2024-12-09,South,Consumer,Office Supplies,Printer Ink,1,54.13,0.2,43.31,8.83
ORD-00716,2024-12-10,East,Consumer,Office Supplies,Paper,6,21.41,0.05,122.02,31.02
ORD-01316,2024-12-10,West,Consumer,Office Supplies,Printer Ink,4,64.36,0.0,257.44,71.45
ORD-01301,2024-12-10,North,Consumer,Office Supplies,Printer Ink,1,57.36,0.3,40.15,5.16
ORD-02264,2024-12-10,East,Home Office,Furniture,Bookcase,2,198.11,0.1,356.59,5.72
ORD-01030,2024-12-10,South,Consumer,Furniture,Chair,2,154.26,0.0,308.52,29.0
ORD-02932,2024-12-11,North,Consumer,Furniture,Bookcase,7,191.31,0.2,1071.36,-59.85
ORD-02994,2024-12-11,East,Consumer,Office Supplies,Printer Ink,7,64.81,0.2,362.91,67.01
ORD-02521,2024-12-11,West,Consumer,Technology,Monitor,4,287.09,0.0,1148.34,214.78
ORD-01343,2024-12-11,South,Consumer,Technology,Phone,5,611.89,0.0,3059.45,590.12
ORD-01723,2024-12-11,North,Consumer,Office Supplies,Stapler,4,12.45,0.1,44.82,11.38
ORD-01217,2024-12-11,South,Corporate,Technology,Laptop,4,820.1,0.1,2952.37,393.48
ORD-02191,2024-12-11,East,Consumer,Office Supplies,Binder,2,14.06,0.2,22.49,4.16
ORD-00062,2024-12-12,North,Consumer,Technology,Laptop,7,831.66,0.1,5239.43,686.36
ORD-02657,2024-12-12,South,Consumer,Office Supplies,Binder,2,15.87,0.0,31.74,9.7
ORD-00352,2024-12-12,East,Consumer,Technology,Headphones,1,121.95,0.05,115.85,17.2
ORD-01327,2024-12-12,South,Corporate,Office Supplies,Stapler,7,13.1,0.0,91.68,27.03
ORD-00489,2024-12-12,North,Home Office,Furniture,Chair,6,160.72,0.0,964.31,85.1
ORD-02175,2024-12-12,South,Home Office,Technology,Phone,2,553.11,0.05,1050.91,173.19
ORD-01200,2024-12-13,West,Consumer,Technology,Headphones,6,114.63,0.2,550.23,30.45
ORD-00835,2024-12-13,North,Corporate,Furniture,Chair,5,155.55,0.0,777.74,36.73
ORD-00057,2024-12-14,North,Consumer,Technology,Monitor,1,289.29,0.3,202.51,5.16
ORD-02338,2024-12-14,West,Corporate,Office Supplies,Binder,4,16.05,0.0,64.21,19.22
ORD-01289,2024-12-14,West,Consumer,Office Supplies,Printer Ink,1,63.83,0.4,38.3,1.97
ORD-01571,2024-12-14,North,Home Office,Office Supplies,Printer Ink,2,57.86,0.0,115.72,33.85
ORD-01398,2024-12-14,East,Consumer,Technology,Headphones,2,115.67,0.1,208.2,28.68
ORD-02909,2024-12-14,North,Corporate,Technology,Monitor,6,286.02,0.1,1544.5,203.08
ORD-01445,2024-12-14,West,Home Office,Furniture,Desk,1,363.68,0.0,363.68,35.05
ORD-01796,2024-12-15,South,Consumer,Technology,Monitor,4,276.08,0.0,1104.33,224.01
ORD-01841,2024-12-15,West,Home Office,Furniture,Bookcase,6,180.17,0.1,972.91,13.83
ORD-00771,2024-12-15,West,Home Office,Office Supplies,Stapler,2,11.18,0.0,22.35,6.78
ORD-00863,2024-12-15,West,Consumer,Furniture,Desk,6,341.1,0.0,2046.61,181.23
ORD-00284,2024-12-16,West,Consumer,Technology,Monitor,7,292.74,0.1,1844.24,265.05
ORD-01617,2024-12-16,West,Corporate,Furniture,Desk,1,354.74,0.4,212.84,-27.58
ORD-02445,2024-12-16,East,Consumer,Technology,Headphones,5,108.85,0.0,544.25,93.93
ORD-02624,2024-12-16,North,Consumer,Technology,Laptop,7,839.43,0.4,3525.62,-240.88
ORD-02092,2024-12-17,West,Consumer,Furniture,Chair,6,162.4,0.3,682.07,-80.86
ORD-00460,2024-12-17,South,Home Office,Furniture,Desk,4,324.93,0.2,1039.79,-35.48
ORD-00143,2024-12-17,East,Corporate,Technology,Laptop,4,936.86,0.0,3747.44,624.23
ORD-00488,2024-12-17,North,Consumer,Technology,Laptop,6,929.9,0.3,3905.6,-35.46
ORD-01962,2024-12-17,West,Consumer,Furniture,Chair,4,143.21,0.3,400.99,-49.18
ORD-00353,2024-12-17,East,Consumer,Furniture,Bookcase,4,199.34,0.1,717.62,22.89
ORD-02968,2024-12-18,West,Consumer,Office Supplies,Binder,4,14.9,0.2,47.69,6.86
ORD-02328,2024-12-18,South,Consumer,Furniture,Chair,2,148.65,0.4,178.38,-33.57
ORD-00671,2024-12-19,North,Consumer,Office Supplies,Binder,1,15.57,0.3,10.9,1.62
ORD-02739,2024-12-19,West,Home Office,Furniture,Bookcase,2,196.04,0.2,313.67,5.0
ORD-02668,2024-12-19,South,Corporate,Office Supplies,Printer Ink,4,64.71,0.0,258.85,80.03
ORD-02642,2024-12-19,West,Consumer,Office Supplies,Printer Ink,1,57.86,0.1,52.07,11.52
ORD-01264,2024-12-20,North,Consumer,Office Supplies,Printer Ink,4,58.78,0.0,235.13,73.56
ORD-01755,2024-12-21,North,Consumer,Furniture,Chair,3,141.28,0.2,339.07,-20.61
ORD-00464,2024-12-21,West,Consumer,Office Supplies,Stapler,3,11.19,0.2,26.85,5.69
ORD-01312,2024-12-22,West,Corporate,Technology,Laptop,6,915.55,0.0,5493.31,1175.47
ORD-00113,2024-12-22,West,Corporate,Office Supplies,Paper,3,19.66,0.0,58.98,17.17
ORD-02795,2024-12-22,West,Consumer,Office Supplies,Binder,2,15.5,0.1,27.89,6.28
ORD-01770,2024-12-22,East,Home Office,Office Supplies,Printer Ink,6,54.77,0.4,197.18,9.12
ORD-00879,2024-12-23,South,Corporate,Furniture,Desk,7,344.61,0.0,2412.25,132.28
ORD-00132,2024-12-23,East,Home Office,Technology,Phone,6,646.43,0.0,3878.59,657.58
ORD-00211,2024-12-23,North,Consumer,Office Supplies,Stapler,1,12.67,0.0,12.67,3.8
ORD-02330,2024-12-23,North,Consumer,Office Supplies,Paper,6,21.18,0.0,127.06,34.54
ORD-01900,2024-12-23,East,Corporate,Furniture,Bookcase,3,206.59,0.0,619.77,31.41
ORD-02674,2024-12-24,East,Corporate,Furniture,Bookcase,7,188.8,0.4,792.95,-104.78
ORD-01688,2024-12-24,North,Consumer,Office Supplies,Binder,2,15.76,0.05,29.95,8.7
ORD-01860,2024-12-24,East,Consumer,Furniture,Bookcase,5,191.17,0.05,908.07,19.19
ORD-02448,2024-12-24,West,Consumer,Furniture,Desk,3,359.22,0.1,969.9,42.41
ORD-02683,2024-12-24,East,Consumer,Office Supplies,Binder,7,13.65,0.1,85.98,19.91
ORD-00120,2024-12-25,South,Corporate,Technology,Headphones,4,115.68,0.05,439.57,68.53
ORD-00928,2024-12-25,North,Home Office,Technology,Laptop,6,983.54,0.0,5901.22,936.03
ORD-00813,2024-12-25,North,Corporate,Technology,Monitor,5,288.5,0.0,1442.49,256.3
ORD-02187,2024-12-25,North,Consumer,Furniture,Bookcase,5,214.53,0.05,1019.01,49.17
ORD-01273,2024-12-26,West,Consumer,Office Supplies,Paper,7,21.01,0.0,147.07,44.12
ORD-02535,2024-12-26,North,Home Office,Office Supplies,Printer Ink,6,65.3,0.1,352.63,74.31
ORD-01231,2024-12-26,East,Home Office,Technology,Laptop,4,905.58,0.1,3260.09,399.06
ORD-02432,2024-12-26,South,Corporate,Office Supplies,Stapler,6,12.0,0.2,57.59,10.72
ORD-02449,2024-12-26,North,Consumer,Furniture,Desk,1,353.42,0.1,318.08,2.04
ORD-01094,2024-12-26,North,Corporate,Technology,Laptop,5,823.86,0.05,3913.32,515.37
ORD-02205,2024-12-27,East,Consumer,Technology,Headphones,2,111.05,0.0,222.1,45.92
ORD-00577,2024-12-27,North,Corporate,Technology,Phone,1,569.1,0.4,341.46,-22.13
ORD-00129,2024-12-27,East,Consumer,Office Supplies,Binder,5,16.01,0.3,56.05,5.85
ORD-02436,2024-12-27,East,Home Office,Office Supplies,Stapler,2,11.48,0.0,22.97,6.69
ORD-02253,2024-12-27,West,Home Office,Office Supplies,Binder,2,13.56,0.0,27.12,7.57
ORD-00558,2024-12-27,North,Consumer,Office Supplies,Binder,2,15.63,0.1,28.13,6.98
ORD-00482,2024-12-28,South,Consumer,Office Supplies,Paper,7,21.71,0.0,151.95,40.67
ORD-02927,2024-12-28,North,Corporate,Office Supplies,Stapler,2,12.68,0.2,20.29,4.58
ORD-00392,2024-12-28,South,Corporate,Office Supplies,Binder,4,13.81,0.2,44.19,7.26
ORD-02845,2024-12-28,North,Home Office,Office Supplies,Binder,6,16.01,0.0,96.08,29.86
ORD-00658,2024-12-29,North,Corporate,Office Supplies,Paper,7,18.96,0.3,92.93,10.59
ORD-02925,2024-12-29,East,Home Office,Technology,Laptop,6,897.42,0.1,4846.09,708.27
ORD-01279,2024-12-29,East,Consumer,Office Supplies,Binder,2,14.21,0.1,25.58,6.56
ORD-00772,2024-12-29,South,Consumer,Office Supplies,Printer Ink,1,65.7,0.1,59.13,15.14
ORD-00348,2024-12-29,East,Corporate,Office Supplies,Stapler,4,11.32,0.3,31.68,4.97
ORD-02468,2024-12-30,East,Home Office,Furniture,Bookcase,2,187.19,0.0,374.37,23.01
ORD-00134,2024-12-30,East,Consumer,Office Supplies,Stapler,6,11.08,0.3,46.53,4.59
ORD-00697,2024-12-30,West,Consumer,Technology,Phone,6,565.54,0.2,2714.58,54.59
ORD-00273,2024-12-30,North,Consumer,Office Supplies,Stapler,7,13.09,0.0,91.6,29.25
ORD-01482,2024-12-31,West,Consumer,Office Supplies,Paper,6,20.55,0.0,123.33,40.07
ORD-02463,2024-12-31,North,Home Office,Office Supplies,Paper,3,21.91,0.0,65.72,19.7
ORD-02963,2024-12-31,North,Corporate,Furniture,Bookcase,2,208.2,0.4,249.84,-37.87
ORD-02467,2024-12-31,South,Consumer,Technology,Phone,1,614.45,0.0,614.45,109.48
ORD-02390,2024-12-31,South,Consumer,Office Supplies,Binder,4,15.22,0.1,54.81,14.46
ORD-02930,2025-01-01,North,Corporate,Office Supplies,Binder,3,13.51,0.0,40.54,11.71
ORD-00803,2025-01-01,North,Corporate,Technology,Laptop,3,893.52,0.0,2680.56,406.97
ORD-01337,2025-01-01,North,Consumer,Technology,Laptop,6,941.62,0.2,4519.76,226.56
ORD-00343,2025-01-01,East,Home Office,Technology,Phone,6,611.98,0.3,2570.33,2.86
ORD-02029,2025-01-01,North,Consumer,Technology,Laptop,2,857.22,0.2,1371.55,55.22
ORD-02394,2025-01-02,North,Consumer,Furniture,Desk,7,353.07,0.1,2224.36,7.77
ORD-00259,2025-01-02,West,Consumer,Technology,Laptop,5,911.78,0.2,3647.11,144.69
ORD-00821,2025-01-02,North,Corporate,Office Supplies,Paper,5,20.18,0.0,100.88,29.01
ORD-00674,2025-01-02,South,Corporate,Office Supplies,Printer Ink,1,54.91,0.0,54.91,16.17
ORD-00826,2025-01-03,South,Consumer,Technology,Phone,7,623.92,0.3,3057.23,-73.88
ORD-02803,2025-01-03,East,Home Office,Office Supplies,Binder,3,15.15,0.0,45.44,13.67
ORD-00233,2025-01-03,South,Home Office,Technology,Phone,3,568.91,0.0,1706.73,257.49
ORD-02400,2025-01-04,South,Consumer,Office Supplies,Paper,7,18.9,0.0,132.31,34.57
ORD-02817,2025-01-04,West,Corporate,Technology,Headphones,3,120.21,0.3,252.45,-2.14
ORD-01306,2025-01-05,South,Consumer,Office Supplies,Printer Ink,6,54.28,0.3,227.99,27.33
ORD-02194,2025-01-05,South,Corporate,Office Supplies,Binder,3,15.15,0.3,31.81,4.2
ORD-02308,2025-01-06,West,Home Office,Technology,Monitor,6,296.45,0.05,1689.74,268.74
ORD-00593,2025-01-06,South,Corporate,Technology,Monitor,2,329.41,0.05,625.89,90.31
ORD-01918,2025-01-07,North,Consumer,Office Supplies,Paper,5,20.11,0.0,100.55,31.85
ORD-01011,2025-01-07,South,Consumer,Technology,Laptop,1,905.19,0.1,814.67,83.53
ORD-00359,2025-01-07,East,Corporate,Office Supplies,Binder,3,15.72,0.4,28.3,1.14
ORD-00196,2025-01-07,North,Consumer,Office Supplies,Paper,1,19.27,0.0,19.27,6.32
ORD-00789,2025-01-08,East,Consumer,Office Supplies,Printer Ink,5,57.0,0.0,284.99,78.03
ORD-00523,2025-01-09,East,Consumer,Furniture,Chair,5,147.4,0.0,736.98,78.49
ORD-01206,2025-01-09,North,Home Office,Technology,Phone,7,555.44,0.05,3693.64,458.98
ORD-02038,2025-01-09,East,Home Office,Office Supplies,Paper,4,20.83,0.2,66.66,12.0
ORD-02377,2025-01-10,North,Consumer,Office Supplies,Paper,5,21.45,0.1,96.52,18.35
ORD-00881,2025-01-10,North,Consumer,Office Supplies,Binder,5,15.2,0.1,68.4,15.37
ORD-01823,2025-01-10,South,Consumer,Office Supplies,Printer Ink,1,62.14,0.2,49.71,8.77
ORD-02154,2025-01-10,West,Consumer,Technology,Phone,7,642.82,0.05,4274.76,565.23
ORD-01937,2025-01-11,North,Home Office,Office Supplies,Printer Ink,6,63.05,0.0,378.32,116.67
ORD-00783,2025-01-11,East,Consumer,Technology,Headphones,2,120.1,0.05,228.19,30.86
ORD-00246,2025-01-11,North,Corporate,Furniture,Chair,4,151.24,0.05,574.73,40.75
ORD-02564,2025-01-12,West,Home Office,Office Supplies,Printer Ink,7,60.87,0.1,383.46,84.99
ORD-01584,2025-01-14,North,Consumer,Office Supplies,Paper,6,18.1,0.05,103.16,25.17
ORD-02456,2025-01-14,North,Consumer,Technology,Monitor,4,314.68,0.0,1258.7,227.7
ORD-00424,2025-01-14,North,Consumer,Technology,Phone,4,641.47,0.0,2565.86,527.4
ORD-00244,2025-01-14,South,Corporate,Technology,Laptop,5,951.62,0.2,3806.48,292.94
ORD-02983,2025-01-14,East,Consumer,Furniture,Bookcase,2,205.83,0.1,370.49,8.8
ORD-01904,2025-01-15,South,Consumer,Office Supplies,Binder,6,15.63,0.0,93.77,28.19
ORD-01717,2025-01-15,South,Home Office,Office Supplies,Paper,2,21.97,0.0,43.94,12.86
ORD-01345,2025-01-15,South,Home Office,Office Supplies,Printer Ink,6,61.16,0.2,293.58,55.6
ORD-02104,2025-01-15,East,Consumer,Office Supplies,Printer Ink,4,56.19,0.2,179.82,32.22
ORD-00975,2025-01-16,East,Home Office,Technology,Headphones,7,113.56,0.0,794.93,132.25
ORD-00878,2025-01-17,North,Consumer,Technology,Laptop,2,883.65,0.1,1590.56,164.06
ORD-02489,2025-01-17,East,Consumer,Office Supplies,Binder,3,14.5,0.0,43.51,13.68
ORD-01061,2025-01-19,North,Corporate,Office Supplies,Binder,3,14.23,0.3,29.89,3.59
ORD-00830,2025-01-19,North,Home Office,Furniture,Bookcase,1,187.67,0.05,178.29,8.04
ORD-02893,2025-01-19,East,Consumer,Office Supplies,Printer Ink,1,60.81,0.2,48.65,9.64
ORD-02292,2025-01-19,West,Corporate,Office Supplies,Paper,3,18.14,0.1,48.98,11.9
ORD-01800,2025-01-19,North,Home Office,Furniture,Desk,7,370.16,0.0,2591.15,193.38
ORD-01931,2025-01-19,North,Corporate,Office Supplies,Printer Ink,6,56.47,0.1,304.96,85.53
ORD-01071,2025-01-19,West,Consumer,Office Supplies,Paper,7,21.77,0.0,152.42,43.67
ORD-01246,2025-01-19,East,Consumer,Office Supplies,Paper,6,20.78,0.4,74.79,4.78
ORD-02989,2025-01-19,North,Corporate,Furniture,Bookcase,2,205.45,0.2,328.73,-7.86
ORD-00477,2025-01-20,South,Consumer,Office Supplies,Stapler,6,13.1,0.1,70.74,17.52
ORD-00447,2025-01-20,North,Consumer,Office Supplies,Paper,2,19.66,0.1,35.38,8.92
ORD-02271,2025-01-21,North,Consumer,Office Supplies,Printer Ink,4,62.93,0.2,201.38,36.13
ORD-01431,2025-01-21,North,Home Office,Office Supplies,Stapler,1,11.48,0.05,10.9,2.96
ORD-02113,2025-01-22,South,Consumer,Office Supplies,Stapler,2,11.36,0.0,22.73,6.77
ORD-01561,2025-01-22,North,Consumer,Technology,Phone,1,650.0,0.0,650.0,124.65
ORD-02980,2025-01-22,North,Consumer,Furniture,Chair,6,164.22,0.0,985.35,91.88
ORD-02018,2025-01-23,North,Consumer,Office Supplies,Printer Ink,5,57.66,0.05,273.89,72.12
ORD-02670,2025-01-23,East,Corporate,Office Supplies,Stapler,5,12.01,0.05,57.04,15.86
ORD-00335,2025-01-23,North,Home Office,Furniture,Desk,1,338.63,0.05,321.7,7.35
ORD-02606,2025-01-23,North,Consumer,Technology,Monitor,7,289.61,0.0,2027.29,322.38
ORD-01959,2025-01-23,East,Consumer,Office Supplies,Printer Ink,6,65.68,0.0,394.08,116.98
ORD-01960,2025-01-24,South,Home Office,Technology,Headphones,4,129.05,0.3,361.35,-6.82
ORD-00350,2025-01-25,East,Consumer,Technology,Laptop,2,908.46,0.3,1271.84,-2.89
ORD-00449,2025-01-25,South,Consumer,Office Supplies,Printer Ink,7,64.85,0.05,431.27,109.85
ORD-00922,2025-01-26,West,Home Office,Furniture,Chair,7,154.67,0.0,1082.72,57.36
ORD-02892,2025-01-27,North,Consumer,Furniture,Bookcase,3,203.05,0.0,609.15,51.67
ORD-02560,2025-01-27,North,Home Office,Office Supplies,Paper,6,21.53,0.05,122.75,30.79
ORD-01451,2025-01-27,West,Corporate,Office Supplies,Binder,2,15.0,0.1,27.01,7.03
ORD-00776,2025-01-28,South,Home Office,Office Supplies,Stapler,1,11.81,0.0,11.81,3.67
ORD-01362,2025-01-28,North,Consumer,Office Supplies,Paper,6,21.41,0.0,128.48,42.11
ORD-01984,2025-01-28,West,Corporate,Furniture,Bookcase,6,209.94,0.4,755.8,-113.18
ORD-01671,2025-01-28,North,Home Office,Furniture,Chair,1,155.31,0.3,108.72,-11.81
ORD-02530,2025-01-29,East,Consumer,Furniture,Chair,4,152.31,0.0,609.22,45.42
ORD-01112,2025-01-29,West,Home Office,Office Supplies,Binder,2,15.43,0.0,30.86,8.85
ORD-02575,2025-01-29,East,Corporate,Technology,Laptop,3,944.2,0.0,2832.61,517.78
ORD-00769,2025-01-29,South,Consumer,Office Supplies,Paper,7,19.4,0.0,135.78,38.83
ORD-01253,2025-01-29,North,Home Office,Furniture,Desk,3,373.03,0.0,1119.1,68.03
ORD-01819,2025-01-29,West,Consumer,Office Supplies,Binder,2,13.79,0.2,22.06,3.47
ORD-00599,2025-01-30,South,Home Office,Furniture,Bookcase,7,217.26,0.05,1444.79,38.95
ORD-01799,2025-01-31,South,Consumer,Office Supplies,Stapler,7,11.03,0.1,69.47,15.87
ORD-00818,2025-01-31,North,Consumer,Office Supplies,Paper,7,19.22,0.0,134.56,38.8
ORD-00644,2025-01-31,West,Consumer,Technology,Headphones,2,122.52,0.05,232.78,33.51
ORD-02870,2025-01-31,East,Consumer,Office Supplies,Binder,3,14.21,0.1,38.35,9.79
ORD-00990,2025-02-01,South,Consumer,Office Supplies,Paper,1,18.83,0.05,17.89,5.14
ORD-01801,2025-02-02,North,Corporate,Technology,Phone,6,584.21,0.2,2804.2,191.71
ORD-02898,2025-02-02,West,Corporate,Furniture,Desk,4,378.02,0.0,1512.07,112.21
ORD-02454,2025-02-03,East,Consumer,Office Supplies,Paper,7,20.72,0.1,130.54,31.05
ORD-01063,2025-02-04,East,Consumer,Office Supplies,Stapler,2,11.39,0.4,13.67,0.73
ORD-01448,2025-02-05,South,Corporate,Office Supplies,Binder,2,14.85,0.3,20.78,2.83
ORD-01845,2025-02-05,North,Home Office,Furniture,Desk,5,355.39,0.0,1776.97,80.79
ORD-02523,2025-02-05,North,Corporate,Office Supplies,Stapler,4,13.19,0.2,42.21,8.28
ORD-00497,2025-02-05,South,Consumer,Office Supplies,Printer Ink,3,59.75,0.05,170.29,51.27
ORD-00119,2025-02-06,South,Corporate,Technology,Monitor,6,320.67,0.0,1924.04,391.11
ORD-01512,2025-02-06,West,Home Office,Office Supplies,Binder,6,16.17,0.2,77.61,12.54
ORD-02247,2025-02-06,West,Consumer,Technology,Monitor,5,323.65,0.05,1537.36,264.78
ORD-02796,2025-02-06,East,Consumer,Furniture,Desk,7,366.76,0.05,2438.99,132.41
ORD-02270,2025-02-08,West,Home Office,Office Supplies,Binder,6,14.62,0.3,61.41,8.21
ORD-00095,2025-02-09,South,Home Office,Technology,Laptop,3,969.83,0.05,2764.02,507.4
ORD-00439,2025-02-09,East,Consumer,Office Supplies,Binder,4,15.37,0.05,58.4,13.97
ORD-02633,2025-02-09,West,Consumer,Technology,Monitor,5,320.69,0.2,1282.75,96.46
ORD-01772,2025-02-10,South,Consumer,Technology,Monitor,3,325.29,0.1,878.29,118.69
ORD-01497,2025-02-10,North,Home Office,Furniture,Desk,2,347.49,0.05,660.22,36.75
ORD-02529,2025-02-10,North,Consumer,Office Supplies,Printer Ink,7,61.81,0.0,432.64,135.01
ORD-00585,2025-02-10,West,Home Office,Office Supplies,Stapler,4,12.76,0.0,51.06,14.48
ORD-02428,2025-02-11,East,Consumer,Office Supplies,Printer Ink,6,63.53,0.05,362.12,97.7
ORD-00019,2025-02-11,North,Corporate,Technology,Monitor,6,271.18,0.0,1627.09,223.71
ORD-01078,2025-02-11,North,Home Office,Technology,Monitor,3,307.3,0.1,829.72,120.73
ORD-01004,2025-02-11,East,Consumer,Furniture,Chair,6,155.43,0.05,885.97,59.8
ORD-02042,2025-02-12,West,Corporate,Furniture,Desk,5,345.95,0.1,1556.8,46.57
ORD-01283,2025-02-12,North,Home Office,Technology,Monitor,3,285.13,0.0,855.4,133.97
ORD-00328,2025-02-12,East,Consumer,Furniture,Chair,3,159.13,0.0,477.39,30.67
ORD-00597,2025-02-13,East,Home Office,Office Supplies,Binder,7,15.09,0.05,100.33,30.56
ORD-00228,2025-02-13,South,Corporate,Office Supplies,Printer Ink,4,61.2,0.3,171.36,26.68
ORD-00064,2025-02-14,South,Consumer,Furniture,Chair,6,143.87,0.0,863.24,68.71
ORD-01378,2025-02-14,North,Corporate,Office Supplies,Binder,4,14.02,0.2,44.85,8.12
ORD-00684,2025-02-14,South,Corporate,Technology,Laptop,1,881.84,0.0,881.84,180.54
ORD-00478,2025-02-14,East,Consumer,Office Supplies,Binder,5,16.21,0.4,48.63,3.89
ORD-01745,2025-02-15,East,Consumer,Technology,Phone,1,611.26,0.3,427.88,5.65
ORD-00459,2025-02-16,East,Corporate,Office Supplies,Binder,7,16.32,0.0,114.26,33.26
ORD-01881,2025-02-16,North,Home Office,Office Supplies,Printer Ink,3,59.03,0.0,177.08,60.81
ORD-01495,2025-02-17,East,Corporate,Furniture,Desk,4,380.34,0.05,1445.28,48.97
ORD-00390,2025-02-17,South,Corporate,Technology,Laptop,5,906.39,0.05,4305.35,663.42
ORD-02782,2025-02-17,South,Corporate,Furniture,Chair,1,148.15,0.1,133.33,3.03
ORD-01484,2025-02-17,North,Home Office,Office Supplies,Binder,5,15.29,0.05,72.63,16.11
ORD-00563,2025-02-17,East,Home Office,Technology,Phone,5,630.71,0.3,2207.49,-72.45
ORD-01703,2025-02-18,West,Corporate,Furniture,Desk,3,339.66,0.05,968.03,46.27
ORD-01774,2025-02-18,North,Consumer,Technology,Headphones,5,122.42,0.3,428.47,-2.05
ORD-00996,2025-02-19,North,Consumer,Technology,Laptop,1,838.71,0.3,587.1,-19.59
ORD-00307,2025-02-19,North,Consumer,Technology,Phone,2,580.73,0.2,929.17,38.48
ORD-02531,2025-02-19,North,Home Office,Office Supplies,Paper,1,21.01,0.0,21.01,5.92
ORD-01864,2025-02-19,North,Consumer,Office Supplies,Stapler,4,12.63,0.0,50.53,15.03
ORD-01661,2025-02-19,South,Consumer,Office Supplies,Binder,5,16.1,0.1,72.44,17.33
ORD-01750,2025-02-20,North,Corporate,Technology,Phone,6,569.0,0.1,3072.61,380.77
ORD-01847,2025-02-21,East,Consumer,Office Supplies,Printer Ink,1,64.0,0.0,64.0,19.05
ORD-00533,2025-02-21,East,Consumer,Technology,Laptop,2,867.48,0.05,1648.21,272.01
ORD-02452,2025-02-21,North,Consumer,Office Supplies,Printer Ink,5,63.77,0.0,318.86,91.56
ORD-00299,2025-02-22,East,Consumer,Technology,Headphones,2,114.51,0.0,229.01,37.15
ORD-01632,2025-02-22,West,Corporate,Furniture,Bookcase,1,196.79,0.3,137.75,-12.95
ORD-02509,2025-02-22,East,Corporate,Office Supplies,Printer Ink,5,57.83,0.3,202.39,23.56
ORD-02709,2025-02-23,North,Consumer,Office Supplies,Binder,2,14.58,0.1,26.24,7.04
ORD-02835,2025-02-23,West,Consumer,Technology,Monitor,5,325.88,0.05,1547.91,224.15
ORD-01558,2025-02-23,North,Home Office,Technology,Headphones,7,108.8,0.2,609.27,8.52
ORD-02552,2025-02-24,North,Corporate,Furniture,Chair,7,155.71,0.05,1035.46,8.97
ORD-00012,2025-02-24,South,Corporate,Office Supplies,Printer Ink,3,54.71,0.3,114.9,11.91
ORD-01930,2025-02-24,West,Corporate,Office Supplies,Stapler,1,11.99,0.2,9.59,1.63
ORD-01091,2025-02-25,East,Corporate,Office Supplies,Stapler,6,10.9,0.1,58.88,14.79
ORD-01223,2025-02-26,East,Consumer,Technology,Phone,4,630.08,0.0,2520.34,515.44
ORD-01035,2025-02-27,East,Corporate,Furniture,Desk,3,331.15,0.1,894.1,-0.15
ORD-00491,2025-02-28,West,Corporate,Technology,Laptop,4,979.94,0.0,3919.77,756.71
ORD-01492,2025-02-28,East,Corporate,Office Supplies,Binder,7,13.92,0.2,77.97,13.34
ORD-02776,2025-03-01,East,Consumer,Office Supplies,Binder,2,15.73,0.2,25.17,5.23
ORD-02905,2025-03-01,North,Consumer,Office Supplies,Binder,1,14.1,0.1,12.69,3.64
ORD-02279,2025-03-01,East,Consumer,Office Supplies,Paper,7,21.26,0.05,141.37,37.66
ORD-00564,2025-03-01,South,Consumer,Office Supplies,Stapler,5,13.05,0.05,62.01,18.77
ORD-00121,2025-03-02,West,Home Office,Furniture,Desk,3,366.93,0.1,990.72,42.93
ORD-00466,2025-03-02,West,Home Office,Office Supplies,Stapler,7,12.02,0.0,84.17,22.56
ORD-02836,2025-03-02,North,Consumer,Office Supplies,Printer Ink,6,61.25,0.1,330.75,65.39
ORD-00411,2025-03-02,South,Home Office,Technology,Headphones,4,111.38,0.2,356.43,20.87
ORD-02971,2025-03-03,West,Home Office,Technology,Monitor,3,304.4,0.1,821.87,114.1
ORD-02003,2025-03-03,East,Corporate,Technology,Monitor,4,282.4,0.0,1129.61,205.86
ORD-01376,2025-03-04,East,Corporate,Office Supplies,Binder,4,16.14,0.0,64.56,20.53
ORD-00250,2025-03-04,East,Home Office,Office Supplies,Paper,2,21.43,0.0,42.85,13.17
ORD-02020,2025-03-04,East,Corporate,Office Supplies,Printer Ink,6,65.0,0.1,350.98,95.54
ORD-01128,2025-03-05,North,Corporate,Office Supplies,Printer Ink,3,58.93,0.1,159.12,37.39
ORD-00905,2025-03-05,East,Corporate,Office Supplies,Binder,3,15.98,0.3,33.55,3.95
ORD-02760,2025-03-05,South,Corporate,Technology,Headphones,4,128.08,0.05,486.71,63.38
ORD-01161,2025-03-05,South,Consumer,Technology,Monitor,5,286.72,0.0,1433.59,240.74
ORD-00492,2025-03-05,North,Consumer,Office Supplies,Binder,1,13.78,0.05,13.09,3.81
ORD-00325,2025-03-05,West,Consumer,Office Supplies,Binder,7,14.12,0.0,98.84,29.4
ORD-02592,2025-03-05,North,Consumer,Office Supplies,Printer Ink,3,55.8,0.2,133.92,20.42
ORD-00718,2025-03-05,North,Corporate,Office Supplies,Stapler,1,11.79,0.05,11.2,2.9
ORD-02976,2025-03-06,West,Consumer,Office Supplies,Binder,5,14.95,0.05,71.02,17.17
ORD-01189,2025-03-06,West,Home Office,Furniture,Bookcase,1,213.01,0.2,170.41,-4.9
ORD-00698,2025-03-06,West,Corporate,Technology,Headphones,4,118.75,0.2,380.0,20.13
ORD-02229,2025-03-06,East,Home Office,Technology,Monitor,7,326.39,0.05,2170.51,301.89
ORD-01464,2025-03-06,North,Corporate,Technology,Monitor,4,292.12,0.1,1051.63,106.6
ORD-00611,2025-03-07,North,Consumer,Furniture,Chair,5,142.81,0.0,714.03,60.35
ORD-02231,2025-03-08,East,Home Office,Office Supplies,Stapler,2,11.7,0.0,23.41,6.51
ORD-02568,2025-03-08,South,Consumer,Technology,Laptop,3,849.72,0.0,2549.17,442.41
ORD-02996,2025-03-08,South,Home Office,Office Supplies,Printer Ink,3,58.13,0.1,156.95,39.66
ORD-01042,2025-03-08,East,Corporate,Technology,Laptop,3,866.54,0.0,2599.63,452.73
ORD-00420,2025-03-09,South,Corporate,Office Supplies,Printer Ink,2,61.82,0.0,123.64,37.34
ORD-01197,2025-03-09,West,Consumer,Office Supplies,Paper,2,19.43,0.2,31.09,5.66
ORD-01896,2025-03-09,North,Consumer,Technology,Monitor,4,303.9,0.05,1154.83,143.34
ORD-02150,2025-03-09,South,Consumer,Office Supplies,Binder,6,16.05,0.0,96.29,28.68
ORD-02450,2025-03-10,East,Corporate,Technology,Headphones,6,108.11,0.2,518.91,23.22
ORD-01718,2025-03-11,West,Corporate,Furniture,Chair,6,158.53,0.1,856.04,22.91
ORD-00364,2025-03-11,South,Home Office,Furniture,Desk,4,367.24,0.4,881.38,-133.26
ORD-01291,2025-03-12,North,Home Office,Technology,Laptop,5,963.91,0.05,4578.58,919.82
ORD-00157,2025-03-12,South,Consumer,Technology,Laptop,2,949.75,0.1,1709.56,124.45
ORD-01024,2025-03-13,East,Corporate,Office Supplies,Stapler,6,11.13,0.0,66.76,22.22
ORD-01916,2025-03-13,South,Corporate,Office Supplies,Paper,1,19.61,0.0,19.61,6.09
ORD-01010,2025-03-13,South,Home Office,Technology,Laptop,3,861.85,0.05,2456.27,314.84
ORD-02856,2025-03-14,West,Corporate,Office Supplies,Binder,4,14.96,0.1,53.84,12.73
ORD-00077,2025-03-15,East,Consumer,Office Supplies,Paper,4,18.11,0.4,43.47,1.65
ORD-00185,2025-03-15,West,Consumer,Technology,Headphones,5,128.03,0.05,608.12,82.36
ORD-02199,2025-03-16,East,Home Office,Furniture,Chair,1,141.61,0.1,127.45,7.4
ORD-01499,2025-03-16,East,Consumer,Office Supplies,Printer Ink,4,61.71,0.1,222.15,55.6
ORD-01043,2025-03-16,East,Home Office,Office Supplies,Binder,7,16.42,0.1,103.46,22.28
ORD-00222,2025-03-16,South,Consumer,Office Supplies,Printer Ink,6,54.68,0.1,295.28,70.22
ORD-00080,2025-03-17,East,Home Office,Technology,Phone,4,571.02,0.3,1598.87,17.85
ORD-02437,2025-03-17,West,Home Office,Technology,Phone,5,572.73,0.1,2577.3,405.85
ORD-00823,2025-03-17,East,Consumer,Technology,Monitor,5,326.32,0.1,1468.42,214.45
ORD-01120,2025-03-17,North,Corporate,Office Supplies,Paper,1,21.74,0.0,21.74,6.75
ORD-02364,2025-03-18,South,Consumer,Office Supplies,Binder,1,13.67,0.0,13.67,4.38
ORD-02648,2025-03-18,East,Corporate,Furniture,Bookcase,1,196.68,0.3,137.68,-12.65
ORD-00053,2025-03-18,East,Corporate,Office Supplies,Paper,7,18.88,0.05,125.58,36.02
ORD-00410,2025-03-19,North,Corporate,Office Supplies,Stapler,1,13.16,0.1,11.85,2.81
ORD-02608,2025-03-19,South,Consumer,Furniture,Desk,4,375.24,0.1,1350.88,31.03
ORD-02934,2025-03-20,East,Consumer,Technology,Laptop,7,863.59,0.3,4231.59,-20.28
ORD-01050,2025-03-21,South,Consumer,Office Supplies,Paper,5,20.43,0.0,102.17,33.04
ORD-01041,2025-03-21,West,Home Office,Office Supplies,Stapler,4,10.82,0.05,41.11,11.41
ORD-02601,2025-03-21,East,Consumer,Technology,Phone,6,632.52,0.2,3036.12,195.43
ORD-01307,2025-03-22,North,Home Office,Furniture,Desk,6,370.2,0.0,2221.18,67.55
ORD-00060,2025-03-22,East,Home Office,Office Supplies,Binder,1,16.24,0.0,16.24,5.13
ORD-01360,2025-03-22,South,Corporate,Technology,Headphones,2,113.13,0.0,226.27,31.94
ORD-00039,2025-03-23,East,Consumer,Office Supplies,Stapler,7,11.44,0.1,72.09,16.66
ORD-00565,2025-03-24,North,Consumer,Office Supplies,Binder,2,13.97,0.0,27.94,7.31
ORD-00367,2025-03-25,East,Home Office,Office Supplies,Printer Ink,6,56.21,0.0,337.27,103.93
ORD-00652,2025-03-25,East,Home Office,Furniture,Bookcase,5,202.97,0.0,1014.83,73.31
ORD-01500,2025-03-25,North,Corporate,Technology,Laptop,5,967.26,0.2,3869.03,290.21
ORD-02687,2025-03-25,West,Consumer,Technology,Laptop,4,872.68,0.1,3141.65,406.8
ORD-00155,2025-03-26,West,Home Office,Furniture,Desk,3,368.32,0.0,1104.97,85.38
ORD-01465,2025-03-26,East,Consumer,Technology,Monitor,1,280.04,0.0,280.04,50.72
ORD-01139,2025-03-26,East,Corporate,Office Supplies,Stapler,3,10.83,0.2,26.0,4.35
ORD-02913,2025-03-27,East,Consumer,Technology,Headphones,6,120.44,0.05,686.5,124.28
ORD-01055,2025-03-28,West,Home Office,Office Supplies,Paper,6,18.58,0.0,111.49,33.73
ORD-02758,2025-03-28,East,Consumer,Technology,Phone,5,585.11,0.0,2925.53,506.52
ORD-02923,2025-03-28,East,Corporate,Furniture,Desk,2,333.48,0.0,666.97,59.25
ORD-01804,2025-03-28,West,Consumer,Office Supplies,Printer Ink,6,54.16,0.1,292.47,66.03
ORD-00711,2025-03-28,North,Home Office,Office Supplies,Binder,2,16.42,0.0,32.84,10.18
ORD-01991,2025-03-28,North,Corporate,Office Supplies,Stapler,3,13.07,0.0,39.22,11.97
ORD-02084,2025-03-28,East,Consumer,Office Supplies,Binder,3,15.93,0.1,43.01,9.99
ORD-02767,2025-03-29,South,Home Office,Office Supplies,Paper,7,19.17,0.05,127.45,37.2
ORD-00636,2025-03-29,West,Consumer,Office Supplies,Stapler,1,12.13,0.0,12.13,3.92
ORD-01218,2025-03-30,East,Consumer,Office Supplies,Binder,1,15.09,0.1,13.58,3.23
ORD-00833,2025-03-31,East,Home Office,Furniture,Desk,3,355.92,0.0,1067.76,90.09
ORD-00207,2025-03-31,West,Consumer,Technology,Monitor,6,297.78,0.0,1786.69,299.23
ORD-00648,2025-03-31,East,Consumer,Technology,Headphones,6,127.83,0.0,767.0,119.43
ORD-01602,2025-03-31,East,Consumer,Office Supplies,Binder,4,14.94,0.05,56.78,15.76
ORD-01694,2025-04-01,West,Corporate,Furniture,Chair,2,149.6,0.0,299.2,43.09
ORD-01016,2025-04-01,South,Consumer,Technology,Headphones,6,130.29,0.1,703.56,86.34
ORD-02561,2025-04-01,North,Consumer,Furniture,Bookcase,1,199.36,0.3,139.55,-15.28
ORD-01233,2025-04-02,West,Home Office,Office Supplies,Binder,2,14.94,0.1,26.89,6.19
ORD-02798,2025-04-02,West,Home Office,Office Supplies,Paper,6,20.33,0.2,97.6,16.69
ORD-02461,2025-04-02,East,Consumer,Technology,Phone,7,594.06,0.1,3742.56,462.92
ORD-02821,2025-04-02,North,Corporate,Office Supplies,Stapler,7,12.06,0.1,75.99,16.83
ORD-02082,2025-04-03,West,Consumer,Furniture,Chair,5,141.74,0.0,708.68,62.79
ORD-01315,2025-04-03,West,Corporate,Office Supplies,Stapler,7,11.55,0.0,80.86,23.5
ORD-01595,2025-04-04,East,Consumer,Office Supplies,Paper,7,20.4,0.05,135.66,35.88
ORD-00274,2025-04-04,East,Consumer,Office Supplies,Printer Ink,1,62.21,0.1,55.99,14.57
ORD-02410,2025-04-05,West,Consumer,Technology,Monitor,6,276.46,0.0,1658.76,316.26
ORD-00048,2025-04-05,East,Corporate,Office Supplies,Paper,3,18.45,0.05,52.58,13.98
ORD-00847,2025-04-06,West,Home Office,Office Supplies,Stapler,3,11.14,0.2,26.73,5.53
ORD-00754,2025-04-06,North,Consumer,Furniture,Bookcase,6,207.51,0.3,871.55,-76.15
ORD-02501,2025-04-06,West,Consumer,Furniture,Desk,7,364.79,0.3,1787.45,-154.96
ORD-01805,2025-04-06,East,Corporate,Office Supplies,Printer Ink,2,59.58,0.0,119.17,33.92
ORD-00029,2025-04-06,South,Consumer,Furniture,Chair,7,140.17,0.05,932.14,69.09
ORD-02926,2025-04-07,North,Consumer,Office Supplies,Printer Ink,6,55.34,0.05,315.42,86.84
ORD-02834,2025-04-07,East,Corporate,Furniture,Chair,5,140.66,0.3,492.32,-48.91
ORD-02365,2025-04-08,East,Consumer,Office Supplies,Printer Ink,7,59.08,0.2,330.86,58.22
ORD-01067,2025-04-08,West,Corporate,Office Supplies,Paper,4,19.82,0.2,63.43,11.46
ORD-00889,2025-04-08,West,Corporate,Technology,Laptop,7,911.87,0.05,6063.93,936.94
ORD-00393,2025-04-09,West,Consumer,Technology,Monitor,4,278.98,0.0,1115.93,156.3
ORD-01787,2025-04-09,East,Consumer,Office Supplies,Paper,3,20.24,0.0,60.73,18.35
ORD-00317,2025-04-09,North,Consumer,Technology,Laptop,4,928.68,0.05,3528.98,603.5
ORD-01127,2025-04-09,North,Corporate,Furniture,Bookcase,2,216.22,0.1,389.2,6.6
ORD-02786,2025-04-10,West,Consumer,Office Supplies,Paper,4,21.56,0.2,69.0,13.23
ORD-00530,2025-04-11,South,Consumer,Technology,Phone,1,610.94,0.0,610.94,134.17
ORD-02009,2025-04-11,West,Consumer,Furniture,Bookcase,7,182.93,0.1,1152.46,31.93
ORD-02700,2025-04-12,East,Corporate,Office Supplies,Paper,6,20.61,0.4,74.18,5.35
ORD-01793,2025-04-12,North,Home Office,Office Supplies,Stapler,6,11.0,0.1,59.39,14.17
ORD-02335,2025-04-13,South,Consumer,Office Supplies,Paper,7,18.03,0.0,126.24,37.1
ORD-01358,2025-04-13,North,Home Office,Furniture,Chair,6,142.6,0.05,812.8,52.23
ORD-02532,2025-04-14,West,Home Office,Furniture,Bookcase,4,209.04,0.1,752.54,8.54
ORD-01633,2025-04-14,South,Consumer,Technology,Headphones,3,122.1,0.0,366.29,57.66
ORD-02427,2025-04-15,West,Consumer,Office Supplies,Printer Ink,3,54.4,0.0,163.21,49.74
ORD-02785,2025-04-15,North,Consumer,Office Supplies,Paper,5,18.74,0.05,89.02,27.27
ORD-02555,2025-04-16,North,Home Office,Office Supplies,Printer Ink,3,56.08,0.1,151.41,37.88
ORD-00806,2025-04-16,North,Consumer,Office Supplies,Paper,3,20.77,0.3,43.61,4.63
ORD-01987,2025-04-16,South,Consumer,Technology,Headphones,2,120.26,0.4,144.32,-12.83
ORD-02812,2025-04-17,West,Corporate,Office Supplies,Paper,2,20.29,0.3,28.41,3.12
ORD-01803,2025-04-17,South,Consumer,Furniture,Desk,5,354.9,0.1,1597.05,30.67
ORD-02379,2025-04-17,North,Consumer,Office Supplies,Printer Ink,5,58.24,0.05,276.65,77.12
ORD-00332,2025-04-18,North,Consumer,Technology,Headphones,4,110.16,0.1,396.59,34.52
ORD-00210,2025-04-18,West,Corporate,Furniture,Bookcase,5,197.39,0.2,789.57,-31.63
ORD-02576,2025-04-20,South,Consumer,Office Supplies,Binder,1,15.17,0.1,13.65,3.08
ORD-00091,2025-04-20,North,Corporate,Office Supplies,Binder,6,16.22,0.0,97.3,29.92
ORD-00003,2025-04-21,West,Consumer,Office Supplies,Paper,1,19.78,0.4,11.87,0.42
ORD-02434,2025-04-21,West,Consumer,Office Supplies,Stapler,4,12.91,0.0,51.63,15.11
ORD-02929,2025-04-21,East,Consumer,Technology,Monitor,2,306.65,0.05,582.64,83.3
ORD-00735,2025-04-22,West,Home Office,Office Supplies,Paper,1,18.44,0.4,11.06,1.02
ORD-00432,2025-04-22,South,Corporate,Office Supplies,Printer Ink,1,54.84,0.0,54.84,14.97
ORD-02757,2025-04-22,North,Home Office,Furniture,Desk,1,343.75,0.3,240.63,-20.54
ORD-02260,2025-04-22,South,Consumer,Office Supplies,Stapler,5,12.92,0.05,61.36,17.52
ORD-00101,2025-04-23,South,Consumer,Technology,Phone,7,658.14,0.05,4376.65,685.06
ORD-00465,2025-04-23,South,Corporate,Office Supplies,Stapler,5,12.75,0.2,51.02,8.35
ORD-00042,2025-04-24,East,Consumer,Office Supplies,Printer Ink,5,61.78,0.3,216.23,30.65
ORD-00673,2025-04-24,East,Home Office,Furniture,Desk,3,352.78,0.1,952.49,5.4
ORD-01059,2025-04-25,South,Consumer,Office Supplies,Paper,7,21.5,0.1,135.44,32.99
ORD-00490,2025-04-26,West,Consumer,Office Supplies,Printer Ink,7,60.73,0.0,425.14,123.77
ORD-00596,2025-04-27,South,Home Office,Office Supplies,Stapler,2,10.99,0.4,13.18,0.87
ORD-02283,2025-04-27,South,Consumer,Furniture,Bookcase,1,188.95,0.1,170.05,2.49
ORD-02910,2025-04-28,South,Consumer,Office Supplies,Binder,6,15.02,0.0,90.12,27.22
ORD-01420,2025-04-29,West,Consumer,Furniture,Chair,2,147.31,0.05,279.89,10.0
ORD-02226,2025-04-29,West,Corporate,Technology,Laptop,6,853.25,0.0,5119.47,836.69
ORD-00531,2025-04-29,West,Consumer,Technology,Monitor,3,291.89,0.1,788.1,69.08
ORD-01533,2025-04-29,East,Corporate,Furniture,Bookcase,4,215.5,0.3,603.4,-57.68
ORD-01386,2025-04-29,East,Consumer,Furniture,Bookcase,3,181.91,0.0,545.73,44.45
ORD-00054,2025-04-29,West,Consumer,Office Supplies,Printer Ink,7,62.2,0.3,304.76,48.04
ORD-02738,2025-04-30,South,Corporate,Office Supplies,Stapler,7,11.66,0.0,81.64,27.47
ORD-01409,2025-05-02,South,Corporate,Technology,Phone,1,568.16,0.0,568.16,111.79
ORD-02291,2025-05-02,West,Consumer,Furniture,Bookcase,2,184.83,0.05,351.18,13.43
ORD-01524,2025-05-02,North,Consumer,Office Supplies,Printer Ink,4,62.67,0.0,250.7,69.59
ORD-00799,2025-05-02,South,Home Office,Technology,Monitor,1,290.67,0.1,261.6,30.32
ORD-02919,2025-05-03,West,Corporate,Technology,Headphones,2,125.41,0.05,238.27,44.55
ORD-02704,2025-05-03,North,Consumer,Furniture,Desk,2,364.12,0.0,728.23,69.15
ORD-00452,2025-05-03,North,Consumer,Technology,Monitor,1,323.2,0.1,290.88,34.61
ORD-02105,2025-05-04,North,Consumer,Furniture,Desk,5,381.06,0.0,1905.32,103.29
ORD-02977,2025-05-04,West,Consumer,Furniture,Chair,7,148.01,0.1,932.48,11.97
ORD-01203,2025-05-04,East,Consumer,Office Supplies,Paper,1,19.37,0.0,19.37,6.11
ORD-00946,2025-05-04,South,Consumer,Technology,Headphones,7,118.41,0.0,828.9,139.75
ORD-01744,2025-05-04,East,Corporate,Technology,Phone,6,584.88,0.1,3158.35,402.0
ORD-00445,2025-05-04,South,Corporate,Furniture,Desk,1,332.56,0.0,332.56,32.63
ORD-01927,2025-05-05,East,Consumer,Furniture,Desk,3,345.84,0.0,1037.53,84.9
ORD-00760,2025-05-05,West,Corporate,Office Supplies,Printer Ink,7,58.4,0.2,327.04,45.86
ORD-01934,2025-05-06,North,Home Office,Office Supplies,Stapler,6,12.65,0.2,60.73,10.12
ORD-01722,2025-05-06,East,Home Office,Technology,Monitor,7,290.02,0.1,1827.11,250.79
ORD-02106,2025-05-07,West,Home Office,Technology,Monitor,7,300.41,0.2,1682.28,184.45
ORD-00637,2025-05-07,North,Home Office,Technology,Phone,2,545.3,0.2,872.48,11.07
ORD-01776,2025-05-07,North,Corporate,Furniture,Bookcase,5,214.24,0.05,1017.65,65.11
ORD-00214,2025-05-09,North,Corporate,Technology,Laptop,7,859.26,0.05,5714.11,937.6
ORD-02978,2025-05-10,North,Corporate,Technology,Laptop,7,845.46,0.3,4142.74,133.91
ORD-00105,2025-05-11,South,Home Office,Office Supplies,Stapler,7,13.17,0.1,82.94,22.89
ORD-02088,2025-05-11,West,Consumer,Office Supplies,Paper,5,21.09,0.05,100.19,25.22
ORD-02640,2025-05-11,West,Consumer,Furniture,Chair,1,135.24,0.1,121.71,0.08
ORD-00665,2025-05-12,West,Home Office,Furniture,Desk,3,362.04,0.05,1031.82,51.43
ORD-02206,2025-05-12,East,Corporate,Technology,Monitor,7,315.31,0.2,1765.74,162.01
ORD-02431,2025-05-12,West,Consumer,Furniture,Chair,7,155.42,0.1,979.16,9.77
ORD-00386,2025-05-12,South,Home Office,Furniture,Desk,5,335.86,0.0,1679.31,132.14
ORD-00874,2025-05-13,East,Corporate,Office Supplies,Stapler,5,12.33,0.05,58.55,17.2
ORD-00117,2025-05-13,West,Consumer,Office Supplies,Stapler,6,12.44,0.1,67.2,15.53
ORD-02451,2025-05-14,West,Home Office,Office Supplies,Paper,1,21.98,0.3,15.38,2.23
ORD-01031,2025-05-14,South,Home Office,Furniture,Desk,4,317.66,0.05,1207.11,59.48
ORD-00603,2025-05-15,South,Consumer,Technology,Phone,2,627.09,0.0,1254.17,219.57
ORD-02192,2025-05-15,North,Corporate,Technology,Headphones,7,125.66,0.1,791.66,113.47
ORD-01468,2025-05-16,North,Consumer,Office Supplies,Binder,4,16.24,0.0,64.96,19.34
ORD-01699,2025-05-16,East,Consumer,Office Supplies,Stapler,7,12.0,0.0,83.98,23.02
ORD-00086,2025-05-16,North,Home Office,Technology,Monitor,7,278.74,0.1,1756.08,196.08
ORD-02472,2025-05-17,South,Corporate,Office Supplies,Stapler,1,13.16,0.0,13.16,4.36
ORD-01298,2025-05-17,South,Corporate,Furniture,Chair,4,139.07,0.05,528.46,25.58
ORD-02751,2025-05-18,West,Consumer,Furniture,Chair,3,164.46,0.0,493.39,35.89
ORD-02268,2025-05-18,East,Consumer,Office Supplies,Paper,1,20.77,0.1,18.7,4.33
ORD-02344,2025-05-18,East,Consumer,Technology,Laptop,1,847.81,0.0,847.81,183.09
ORD-01917,2025-05-19,South,Corporate,Office Supplies,Binder,7,15.71,0.1,98.98,22.92
ORD-00798,2025-05-19,North,Consumer,Furniture,Desk,7,315.17,0.1,1985.56,60.41
ORD-00834,2025-05-20,North,Corporate,Technology,Phone,5,565.52,0.0,2827.62,451.43
ORD-02425,2025-05-20,South,Consumer,Office Supplies,Printer Ink,1,65.66,0.05,62.38,15.46
ORD-01008,2025-05-20,South,Consumer,Technology,Monitor,6,326.78,0.2,1568.54,120.15
ORD-00337,2025-05-20,West,Corporate,Office Supplies,Binder,2,15.66,0.05,29.75,8.21
ORD-00158,2025-05-21,West,Consumer,Office Supplies,Paper,6,18.57,0.0,111.42,33.58
ORD-02342,2025-05-22,South,Corporate,Office Supplies,Binder,2,14.05,0.05,26.7,7.89
ORD-01133,2025-05-22,West,Consumer,Furniture,Desk,7,359.6,0.05,2391.32,103.11
ORD-02296,2025-05-23,West,Corporate,Office Supplies,Binder,3,13.55,0.0,40.66,12.52
ORD-01676,2025-05-23,East,Consumer,Technology,Phone,4,598.51,0.05,2274.34,359.91
ORD-01639,2025-05-24,West,Consumer,Technology,Monitor,2,278.75,0.0,557.5,82.04
ORD-00379,2025-05-24,South,Corporate,Office Supplies,Printer Ink,7,65.38,0.0,457.67,150.48
ORD-02299,2025-05-24,North,Consumer,Technology,Headphones,6,117.69,0.1,635.51,81.63
ORD-02646,2025-05-24,East,Home Office,Office Supplies,Stapler,3,10.82,0.0,32.46,9.62
ORD-01966,2025-05-24,West,Home Office,Furniture,Desk,7,329.09,0.05,2188.46,98.48
ORD-02807,2025-05-25,West,Consumer,Office Supplies,Printer Ink,2,55.48,0.0,110.95,34.64
ORD-00861,2025-05-25,East,Consumer,Technology,Phone,2,648.12,0.3,907.37,19.17
ORD-00608,2025-05-27,North,Corporate,Technology,Phone,3,612.1,0.0,1836.31,363.3
ORD-01972,2025-05-27,North,Corporate,Furniture,Chair,1,135.58,0.0,135.58,4.45
ORD-02465,2025-05-28,East,Consumer,Office Supplies,Paper,7,18.04,0.1,113.65,30.61
ORD-00615,2025-05-28,West,Consumer,Office Supplies,Stapler,3,13.05,0.2,31.32,5.66
ORD-00856,2025-05-28,East,Consumer,Office Supplies,Paper,3,20.7,0.0,62.1,19.28
ORD-01839,2025-05-28,West,Corporate,Technology,Headphones,7,115.49,0.05,768.0,155.65
ORD-01978,2025-05-28,South,Corporate,Office Supplies,Printer Ink,1,57.86,0.4,34.71,1.77
ORD-00929,2025-05-29,East,Consumer,Office Supplies,Printer Ink,4,61.11,0.1,219.99,50.05
ORD-00330,2025-05-29,East,Consumer,Office Supplies,Stapler,7,13.12,0.0,91.85,26.81
ORD-01199,2025-05-29,North,Corporate,Technology,Phone,4,553.55,0.05,2103.47,336.89
ORD-00442,2025-05-29,North,Corporate,Technology,Monitor,3,311.27,0.05,887.13,94.12
ORD-01506,2025-05-31,West,Corporate,Furniture,Desk,6,323.28,0.0,1939.68,64.77
ORD-00500,2025-05-31,North,Home Office,Furniture,Chair,1,151.78,0.1,136.6,0.04
ORD-02829,2025-05-31,West,Corporate,Office Supplies,Printer Ink,7,64.66,0.3,316.85,49.08
ORD-01693,2025-05-31,East,Home Office,Office Supplies,Paper,6,19.03,0.0,114.2,35.08
ORD-01824,2025-06-01,North,Home Office,Furniture,Desk,1,347.89,0.0,347.89,19.72
ORD-01171,2025-06-01,East,Corporate,Office Supplies,Binder,7,14.55,0.0,101.84,29.91
ORD-02685,2025-06-02,South,Consumer,Technology,Monitor,5,275.33,0.3,963.65,0.76
ORD-02825,2025-06-02,North,Home Office,Technology,Laptop,7,810.54,0.2,4539.05,294.53
ORD-00215,2025-06-02,South,Corporate,Office Supplies,Paper,7,18.18,0.0,127.27,38.16
ORD-01028,2025-06-02,South,Consumer,Furniture,Chair,5,157.46,0.0,787.32,92.87
ORD-00800,2025-06-02,North,Home Office,Technology,Monitor,7,312.29,0.3,1530.21,26.35
ORD-00640,2025-06-03,West,Corporate,Technology,Monitor,7,286.96,0.1,1807.82,207.27
ORD-01964,2025-06-03,West,Consumer,Technology,Headphones,3,131.42,0.2,315.4,15.15
ORD-02792,2025-06-03,East,Consumer,Technology,Phone,3,641.52,0.3,1347.19,18.35
ORD-02725,2025-06-04,West,Home Office,Office Supplies,Stapler,6,12.54,0.1,67.71,16.64
ORD-00982,2025-06-05,West,Corporate,Office Supplies,Printer Ink,6,63.92,0.1,345.19,73.76
ORD-00860,2025-06-05,South,Consumer,Furniture,Bookcase,1,186.87,0.1,168.18,5.7
ORD-01812,2025-06-06,South,Home Office,Furniture,Chair,3,142.62,0.1,385.08,6.4
ORD-00696,2025-06-06,West,Corporate,Technology,Headphones,6,122.99,0.1,664.17,69.19
ORD-00517,2025-06-06,East,Home Office,Technology,Phone,7,625.18,0.0,4376.29,810.08
ORD-00870,2025-06-07,East,Home Office,Furniture,Desk,7,344.54,0.3,1688.22,-177.64
ORD-01318,2025-06-07,South,Consumer,Office Supplies,Binder,3,15.83,0.2,37.99,7.06
ORD-01746,2025-06-07,South,Home Office,Furniture,Chair,2,149.13,0.2,238.6,-17.15
ORD-02653,2025-06-08,South,Consumer,Furniture,Bookcase,4,193.61,0.1,696.98,39.26
ORD-00030,2025-06-08,West,Home Office,Office Supplies,Printer Ink,4,55.33,0.0,221.32,67.09
ORD-01085,2025-06-08,North,Consumer,Office Supplies,Stapler,6,11.67,0.1,63.01,14.46
ORD-01680,2025-06-08,East,Corporate,Office Supplies,Printer Ink,4,59.12,0.0,236.5,80.54
ORD-01735,2025-06-09,North,Consumer,Office Supplies,Paper,6,19.22,0.2,92.26,16.21
ORD-00438,2025-06-09,West,Home Office,Technology,Headphones,3,113.16,0.05,322.49,58.22
ORD-00255,2025-06-09,North,Home Office,Office Supplies,Paper,1,21.64,0.3,15.15,1.37
ORD-01509,2025-06-09,East,Consumer,Furniture,Desk,4,317.26,0.2,1015.22,-45.99
ORD-02678,2025-06-09,South,Corporate,Office Supplies,Printer Ink,6,57.22,0.0,343.31,97.98
ORD-01625,2025-06-10,West,Consumer,Office Supplies,Binder,4,16.38,0.1,58.95,15.62
ORD-02562,2025-06-10,South,Corporate,Technology,Laptop,1,956.31,0.4,573.78,-39.11
ORD-00188,2025-06-10,North,Consumer,Technology,Laptop,3,877.33,0.0,2631.98,445.77
ORD-02100,2025-06-10,South,Corporate,Office Supplies,Stapler,3,12.07,0.0,36.21,11.76
ORD-01537,2025-06-11,West,Consumer,Office Supplies,Stapler,1,12.15,0.3,8.5,1.11
ORD-01513,2025-06-11,South,Corporate,Technology,Monitor,2,287.95,0.05,547.11,91.83
ORD-02388,2025-06-11,East,Home Office,Furniture,Desk,2,317.74,0.0,635.49,58.89
ORD-02858,2025-06-11,West,Consumer,Office Supplies,Stapler,1,12.42,0.0,12.42,3.71
ORD-00179,2025-06-12,North,Home Office,Furniture,Bookcase,5,218.92,0.05,1039.85,75.67
ORD-02234,2025-06-12,South,Consumer,Office Supplies,Binder,3,13.73,0.0,41.19,12.59
ORD-01146,2025-06-12,North,Home Office,Technology,Phone,3,622.17,0.4,1119.91,-57.36
ORD-01732,2025-06-13,South,Corporate,Furniture,Chair,4,152.91,0.05,581.08,38.16
ORD-00616,2025-06-13,West,Home Office,Furniture,Chair,4,152.47,0.1,548.9,13.3
ORD-01883,2025-06-13,North,Consumer,Furniture,Desk,2,379.96,0.05,721.92,45.48
ORD-01021,2025-06-13,North,Consumer,Technology,Monitor,4,291.94,0.05,1109.38,186.42
ORD-01682,2025-06-13,North,Home Office,Office Supplies,Printer Ink,2,58.81,0.0,117.62,35.9
ORD-01175,2025-06-14,East,Home Office,Office Supplies,Stapler,5,12.55,0.0,62.75,18.22
ORD-00991,2025-06-14,West,Corporate,Furniture,Chair,6,162.95,0.05,928.82,73.74
ORD-02572,2025-06-14,South,Consumer,Furniture,Desk,1,336.79,0.0,336.79,26.25
ORD-02266,2025-06-15,South,Consumer,Furniture,Bookcase,6,190.0,0.2,912.02,-67.88
ORD-01547,2025-06-15,West,Corporate,Technology,Monitor,2,294.52,0.0,589.04,85.27
ORD-00688,2025-06-15,West,Corporate,Office Supplies,Binder,1,15.37,0.0,15.37,4.93
ORD-01180,2025-06-15,North,Home Office,Office Supplies,Printer Ink,5,55.63,0.05,264.24,61.76
ORD-02402,2025-06-16,South,Corporate,Furniture,Desk,5,364.88,0.3,1277.07,-127.77
ORD-01173,2025-06-16,South,Consumer,Technology,Laptop,6,842.81,0.05,4804.02,898.25
ORD-02774,2025-06-17,South,Corporate,Technology,Monitor,6,281.27,0.2,1350.11,37.82
ORD-00894,2025-06-17,East,Consumer,Office Supplies,Printer Ink,5,54.73,0.1,246.29,49.81
ORD-01995,2025-06-17,North,Home Office,Technology,Phone,7,559.29,0.0,3915.06,700.6
ORD-02603,2025-06-17,South,Corporate,Office Supplies,Printer Ink,3,63.68,0.3,133.73,23.15
ORD-02272,2025-06-18,West,Consumer,Office Supplies,Printer Ink,2,62.66,0.3,87.72,12.01
ORD-01640,2025-06-18,East,Corporate,Technology,Phone,5,592.25,0.0,2961.26,537.88
ORD-01256,2025-06-18,East,Consumer,Technology,Phone,2,572.4,0.05,1087.56,138.55
ORD-01302,2025-06-19,North,Consumer,Office Supplies,Printer Ink,3,55.53,0.4,99.96,8.04
ORD-02391,2025-06-19,South,Consumer,Furniture,Bookcase,6,200.15,0.05,1140.87,72.45
ORD-01853,2025-06-19,East,Consumer,Technology,Phone,6,627.23,0.05,3575.19,553.44
ORD-00548,2025-06-19,South,Corporate,Technology,Laptop,6,908.93,0.0,5453.58,1158.67
ORD-02301,2025-06-20,East,Corporate,Office Supplies,Printer Ink,3,61.29,0.1,165.48,39.88
ORD-02131,2025-06-20,West,Consumer,Technology,Monitor,4,328.12,0.4,787.49,-37.29
ORD-02439,2025-06-20,South,Consumer,Technology,Laptop,7,937.1,0.1,5903.74,828.93
ORD-00020,2025-06-21,East,Home Office,Furniture,Desk,1,319.14,0.0,319.14,34.44
ORD-02854,2025-06-21,South,Consumer,Technology,Headphones,4,119.32,0.2,381.82,20.25
ORD-01210,2025-06-21,East,Corporate,Office Supplies,Paper,2,20.88,0.1,37.58,9.51
ORD-02429,2025-06-21,East,Corporate,Office Supplies,Stapler,6,12.02,0.1,64.91,14.89
ORD-00116,2025-06-22,East,Corporate,Technology,Laptop,7,862.88,0.05,5738.16,716.16
ORD-00836,2025-06-22,West,Corporate,Office Supplies,Paper,6,21.31,0.3,89.51,8.54
ORD-01891,2025-06-23,West,Consumer,Technology,Monitor,1,320.69,0.3,224.48,3.6
ORD-01849,2025-06-23,North,Home Office,Office Supplies,Binder,1,13.57,0.0,13.57,4.37
ORD-02641,2025-06-23,West,Corporate,Office Supplies,Paper,6,21.3,0.1,115.03,32.87
ORD-01672,2025-06-23,South,Consumer,Technology,Phone,1,542.97,0.0,542.97,86.66
ORD-00933,2025-06-23,North,Corporate,Technology,Laptop,4,926.15,0.1,3334.14,454.46
ORD-01816,2025-06-24,West,Corporate,Technology,Monitor,3,323.22,0.05,921.16,119.03
ORD-01523,2025-06-24,West,Consumer,Office Supplies,Printer Ink,7,59.83,0.0,418.78,125.16
ORD-00601,2025-06-25,West,Consumer,Technology,Laptop,1,842.34,0.3,589.64,14.89
ORD-00006,2025-06-25,West,Consumer,Office Supplies,Printer Ink,6,65.57,0.0,393.44,120.69
ORD-00566,2025-06-26,South,Home Office,Office Supplies,Binder,7,13.88,0.05,92.32,23.85
ORD-01952,2025-06-26,North,Consumer,Technology,Headphones,6,127.22,0.3,534.34,-0.3
ORD-01087,2025-06-26,West,Consumer,Office Supplies,Printer Ink,2,59.25,0.0,118.51,31.64
ORD-02385,2025-06-26,East,Consumer,Office Supplies,Printer Ink,2,64.39,0.1,115.91,25.76
ORD-00370,2025-06-26,South,Consumer,Office Supplies,Paper,4,18.13,0.3,50.77,5.29
ORD-02317,2025-06-27,East,Home Office,Office Supplies,Paper,2,18.02,0.1,32.44,8.27
ORD-02039,2025-06-27,North,Consumer,Office Supplies,Printer Ink,4,55.06,0.0,220.25,73.86
ORD-01555,2025-06-27,West,Home Office,Office Supplies,Printer Ink,1,65.14,0.0,65.14,18.86
ORD-00356,2025-06-27,South,Consumer,Office Supplies,Stapler,5,11.27,0.3,39.45,5.07
ORD-01086,2025-06-28,East,Home Office,Furniture,Bookcase,1,185.61,0.05,176.33,4.62
ORD-02138,2025-06-28,West,Consumer,Technology,Laptop,6,919.88,0.0,5519.28,1139.72
ORD-01790,2025-06-28,South,Home Office,Furniture,Chair,4,147.16,0.05,559.2,40.24
ORD-02287,2025-06-28,North,Corporate,Office Supplies,Paper,5,19.5,0.0,97.51,29.78
ORD-00063,2025-06-28,North,Consumer,Office Supplies,Binder,1,14.82,0.2,11.86,2.37
ORD-00910,2025-06-28,North,Home Office,Furniture,Bookcase,7,207.43,0.05,1379.41,25.82
ORD-02743,2025-06-28,West,Consumer,Office Supplies,Stapler,5,11.61,0.05,55.15,16.65
ORD-02422,2025-06-29,North,Consumer,Office Supplies,Stapler,7,12.23,0.05,81.31,24.62
ORD-02142,2025-06-30,East,Corporate,Furniture,Bookcase,2,215.79,0.1,388.42,9.81
ORD-02848,2025-07-01,North,Consumer,Technology,Laptop,7,874.69,0.0,6122.82,1018.83
ORD-02590,2025-07-01,West,Home Office,Furniture,Desk,7,361.7,0.3,1772.32,-141.68
ORD-00159,2025-07-02,North,Corporate,Furniture,Bookcase,1,202.04,0.4,121.22,-21.12
ORD-00573,2025-07-02,West,Home Office,Furniture,Desk,6,346.44,0.0,2078.63,140.35
ORD-02148,2025-07-03,South,Home Office,Office Supplies,Paper,4,18.8,0.1,67.68,16.52
ORD-01838,2025-07-03,East,Consumer,Technology,Headphones,3,121.89,0.05,347.37,58.33
ORD-02152,2025-07-04,West,Consumer,Furniture,Bookcase,5,186.52,0.3,652.83,-61.31
ORD-01715,2025-07-04,East,Consumer,Technology,Phone,7,629.27,0.0,4404.92,734.5
ORD-02799,2025-07-04,West,Consumer,Furniture,Bookcase,7,219.49,0.1,1382.82,87.74
ORD-01460,2025-07-04,West,Consumer,Furniture,Desk,2,332.06,0.0,664.13,62.61
ORD-00528,2025-07-05,North,Corporate,Office Supplies,Printer Ink,1,65.55,0.1,58.99,12.1
ORD-00184,2025-07-05,West,Consumer,Technology,Laptop,4,814.28,0.1,2931.43,437.5
ORD-00431,2025-07-05,North,Consumer,Office Supplies,Paper,3,20.23,0.2,48.55,8.58
ORD-02251,2025-07-05,North,Home Office,Technology,Monitor,3,323.5,0.0,970.51,193.0
ORD-01612,2025-07-05,South,Corporate,Office Supplies,Stapler,4,11.99,0.1,43.18,9.87
ORD-02486,2025-07-06,North,Corporate,Office Supplies,Printer Ink,3,63.98,0.0,191.95,66.62
ORD-02613,2025-07-06,South,Home Office,Office Supplies,Paper,5,21.44,0.0,107.21,29.85
ORD-00934,2025-07-06,West,Home Office,Furniture,Bookcase,4,210.52,0.4,505.25,-85.32
ORD-00778,2025-07-06,South,Consumer,Office Supplies,Binder,6,16.28,0.05,92.78,23.06
ORD-00000,2025-07-07,South,Consumer,Office Supplies,Printer Ink,2,60.02,0.05,114.04,34.05
ORD-02137,2025-07-07,West,Home Office,Technology,Phone,4,637.04,0.4,1528.9,-80.92
ORD-00638,2025-07-07,East,Home Office,Office Supplies,Printer Ink,5,63.24,0.05,300.38,83.57
ORD-01105,2025-07-08,East,Consumer,Technology,Monitor,7,295.14,0.1,1859.36,280.64
ORD-00366,2025-07-08,South,Consumer,Office Supplies,Printer Ink,7,54.21,0.3,265.62,33.35
ORD-01771,2025-07-08,North,Corporate,Furniture,Bookcase,2,210.27,0.05,399.52,37.72
ORD-01330,2025-07-08,North,Home Office,Technology,Headphones,6,109.54,0.0,657.24,122.66
ORD-01159,2025-07-08,East,Home Office,Technology,Monitor,6,295.54,0.0,1773.23,337.76
ORD-01611,2025-07-09,East,Home Office,Furniture,Bookcase,5,194.59,0.05,924.31,88.18
ORD-01932,2025-07-10,West,Consumer,Office Supplies,Paper,7,20.34,0.1,128.16,30.11
ORD-02951,2025-07-10,West,Consumer,Furniture,Desk,2,377.67,0.1,679.81,13.52
ORD-00417,2025-07-10,West,Consumer,Office Supplies,Paper,5,18.2,0.0,91.02,29.18
ORD-00956,2025-07-11,North,Home Office,Office Supplies,Binder,4,16.36,0.0,65.43,21.01
ORD-01047,2025-07-11,West,Home Office,Technology,Laptop,6,909.19,0.1,4909.65,565.38
ORD-00200,2025-07-11,East,Consumer,Office Supplies,Printer Ink,2,55.92,0.2,89.47,14.48
ORD-00620,2025-07-11,South,Home Office,Office Supplies,Stapler,5,11.7,0.1,52.66,12.46
ORD-00300,2025-07-12,South,Consumer,Office Supplies,Stapler,4,11.27,0.0,45.07,11.16
ORD-00024,2025-07-12,North,Consumer,Furniture,Bookcase,2,187.57,0.1,337.63,0.36
ORD-00104,2025-07-12,East,Corporate,Office Supplies,Paper,2,21.59,0.1,38.86,8.42
ORD-00298,2025-07-13,East,Consumer,Furniture,Bookcase,1,195.18,0.0,195.18,19.34
ORD-01739,2025-07-13,West,Corporate,Office Supplies,Printer Ink,6,65.53,0.1,353.87,79.12
ORD-01428,2025-07-13,North,Home Office,Technology,Laptop,3,878.4,0.0,2635.2,460.37
ORD-00382,2025-07-14,South,Corporate,Office Supplies,Paper,5,19.32,0.2,77.27,13.75
ORD-01674,2025-07-14,East,Corporate,Office Supplies,Paper,4,21.61,0.1,77.8,19.08
ORD-00748,2025-07-14,North,Consumer,Furniture,Bookcase,5,195.65,0.05,929.34,72.02
ORD-00055,2025-07-14,South,Consumer,Furniture,Chair,5,162.59,0.1,731.64,40.71
ORD-00402,2025-07-15,South,Corporate,Furniture,Desk,6,381.16,0.1,2058.27,-15.22
ORD-01493,2025-07-15,West,Corporate,Technology,Headphones,2,116.77,0.05,221.86,27.12
ORD-00605,2025-07-15,West,Corporate,Technology,Headphones,5,108.63,0.2,434.51,24.24
ORD-01536,2025-07-15,East,Corporate,Office Supplies,Binder,2,16.2,0.1,29.16,7.21
ORD-02536,2025-07-15,South,Home Office,Technology,Phone,5,647.59,0.05,3076.06,372.96
ORD-02745,2025-07-16,East,Consumer,Technology,Headphones,5,126.85,0.2,507.41,41.03
ORD-00862,2025-07-16,North,Home Office,Office Supplies,Printer Ink,5,59.82,0.0,299.08,95.68
ORD-00138,2025-07-16,West,Consumer,Office Supplies,Printer Ink,2,60.87,0.2,97.39,19.4
ORD-02035,2025-07-16,East,Consumer,Technology,Laptop,4,873.87,0.1,3145.95,355.7
ORD-01662,2025-07-16,East,Consumer,Furniture,Desk,7,362.51,0.3,1776.28,-142.47
ORD-00344,2025-07-16,West,Home Office,Furniture,Desk,7,322.49,0.2,1805.97,-31.61
ORD-00707,2025-07-17,North,Consumer,Office Supplies,Binder,6,14.51,0.0,87.03,24.56
ORD-00079,2025-07-17,East,Consumer,Technology,Phone,7,584.04,0.05,3883.84,662.52
ORD-00458,2025-07-17,South,Consumer,Technology,Phone,1,552.58,0.2,442.06,24.41
ORD-02180,2025-07-18,North,Consumer,Office Supplies,Binder,6,15.22,0.05,86.75,20.77
ORD-02726,2025-07-18,North,Corporate,Office Supplies,Binder,7,15.71,0.05,104.5,29.36
ORD-00237,2025-07-18,North,Home Office,Technology,Monitor,7,296.42,0.0,2074.95,342.02
ORD-00007,2025-07-19,South,Consumer,Technology,Laptop,5,962.69,0.3,3369.41,-17.3
ORD-01690,2025-07-20,North,Consumer,Furniture,Bookcase,6,198.56,0.0,1191.38,117.92
ORD-00052,2025-07-20,South,Consumer,Office Supplies,Stapler,6,11.52,0.0,69.1,20.44
ORD-01323,2025-07-20,South,Corporate,Technology,Monitor,6,314.27,0.4,1131.37,-59.37
ORD-02840,2025-07-20,West,Corporate,Furniture,Chair,5,158.16,0.0,790.8,78.54
ORD-00714,2025-07-21,West,Home Office,Office Supplies,Binder,1,14.21,0.0,14.21,4.11
ORD-01710,2025-07-21,West,Consumer,Office Supplies,Paper,6,21.78,0.0,130.69,37.4
ORD-00494,2025-07-21,South,Corporate,Technology,Headphones,3,109.33,0.1,295.2,28.82
ORD-01141,2025-07-21,West,Consumer,Furniture,Bookcase,7,219.58,0.0,1537.09,165.78
ORD-02041,2025-07-21,East,Home Office,Technology,Monitor,3,327.24,0.2,785.37,52.37
ORD-02453,2025-07-23,West,Home Office,Technology,Laptop,4,897.56,0.1,3231.23,502.72
ORD-02990,2025-07-24,South,Consumer,Technology,Headphones,3,114.08,0.3,239.56,-3.32
ORD-01117,2025-07-24,East,Corporate,Office Supplies,Stapler,7,12.45,0.3,60.99,6.24
ORD-02401,2025-07-25,East,Consumer,Technology,Phone,3,564.25,0.0,1692.76,314.74
ORD-00706,2025-07-25,East,Consumer,Furniture,Desk,2,342.84,0.0,685.69,66.71
ORD-01564,2025-07-25,North,Corporate,Technology,Headphones,4,112.68,0.1,405.65,59.07
ORD-01576,2025-07-26,South,Consumer,Office Supplies,Printer Ink,7,63.82,0.05,424.42,110.93
ORD-00992,2025-07-27,North,Consumer,Technology,Headphones,4,117.7,0.05,447.26,56.44
ORD-02257,2025-07-27,East,Corporate,Furniture,Bookcase,3,200.98,0.05,572.8,33.85
ORD-00626,2025-07-27,East,Consumer,Office Supplies,Stapler,1,11.81,0.05,11.22,2.99
ORD-00989,2025-07-28,North,Consumer,Office Supplies,Stapler,6,12.5,0.0,75.01,23.58
ORD-01350,2025-07-28,East,Consumer,Technology,Laptop,3,880.37,0.1,2377.01,369.04
ORD-01697,2025-07-28,West,Consumer,Furniture,Chair,3,142.36,0.0,427.08,31.76
ORD-00345,2025-07-28,South,Corporate,Office Supplies,Binder,3,14.33,0.05,40.84,10.76
ORD-01647,2025-07-29,East,Consumer,Technology,Laptop,7,891.27,0.2,4991.13,385.24
ORD-01415,2025-07-29,West,Corporate,Office Supplies,Printer Ink,5,57.17,0.0,285.84,84.36
ORD-02355,2025-07-29,South,Corporate,Office Supplies,Stapler,7,11.03,0.2,61.76,12.37
ORD-00841,2025-07-29,West,Home Office,Office Supplies,Binder,4,15.2,0.05,57.76,15.77
ORD-00241,2025-07-30,West,Consumer,Office Supplies,Paper,4,19.83,0.0,79.33,23.71
ORD-02960,2025-07-30,North,Consumer,Technology,Headphones,5,131.36,0.0,656.79,115.71
ORD-01781,2025-07-30,North,Consumer,Office Supplies,Printer Ink,3,65.9,0.4,118.63,7.23
ORD-02947,2025-07-31,North,Consumer,Office Supplies,Binder,3,13.75,0.05,39.19,11.44
ORD-01875,2025-07-31,East,Home Office,Office Supplies,Printer Ink,2,56.61,0.0,113.22,34.01
ORD-02755,2025-07-31,North,Home Office,Office Supplies,Stapler,1,11.54,0.2,9.23,1.65
ORD-00867,2025-07-31,South,Consumer,Technology,Monitor,4,315.42,0.1,1135.5,163.92
ORD-01102,2025-07-31,South,Corporate,Office Supplies,Binder,1,14.4,0.05,13.68,3.61
ORD-02647,2025-08-01,West,Corporate,Technology,Monitor,5,273.37,0.2,1093.47,73.95
ORD-00788,2025-08-01,East,Corporate,Furniture,Desk,2,339.46,0.2,543.13,-4.89
ORD-02153,2025-08-01,South,Home Office,Technology,Laptop,3,931.22,0.0,2793.65,517.74
ORD-00357,2025-08-01,South,Consumer,Furniture,Desk,1,331.96,0.0,331.96,26.52
ORD-02771,2025-08-01,West,Consumer,Office Supplies,Stapler,3,12.84,0.1,34.68,8.2
ORD-00505,2025-08-02,West,Corporate,Office Supplies,Binder,5,15.61,0.0,78.04,22.65
ORD-00342,2025-08-03,South,Corporate,Technology,Phone,5,548.38,0.0,2741.92,513.61
ORD-00425,2025-08-03,West,Home Office,Furniture,Desk,4,328.56,0.0,1314.26,125.73
ORD-00641,2025-08-03,South,Corporate,Technology,Laptop,7,856.67,0.05,5696.87,780.88
ORD-02680,2025-08-03,West,Corporate,Office Supplies,Paper,5,21.49,0.2,85.97,17.69
ORD-01450,2025-08-03,East,Corporate,Office Supplies,Paper,3,19.18,0.05,54.66,14.22
ORD-01147,2025-08-03,East,Home Office,Office Supplies,Printer Ink,3,56.97,0.0,170.92,54.68
ORD-00429,2025-08-03,East,Consumer,Office Supplies,Paper,5,20.77,0.05,98.66,25.8
ORD-00297,2025-08-04,East,Consumer,Furniture,Bookcase,2,215.04,0.0,430.08,32.47
ORD-00629,2025-08-04,East,Consumer,Technology,Headphones,1,118.56,0.1,106.71,15.82
ORD-01908,2025-08-05,West,Consumer,Office Supplies,Binder,5,15.61,0.05,74.13,18.7
ORD-02487,2025-08-05,West,Corporate,Technology,Monitor,3,318.85,0.2,765.25,43.53
ORD-01649,2025-08-05,North,Corporate,Furniture,Desk,2,322.9,0.05,613.51,29.83
ORD-00235,2025-08-06,North,Consumer,Technology,Laptop,5,881.4,0.3,3084.9,20.5
ORD-00326,2025-08-06,North,Consumer,Furniture,Chair,2,158.71,0.1,285.67,-1.78
ORD-00213,2025-08-06,North,Consumer,Office Supplies,Stapler,3,11.37,0.2,27.28,5.03
ORD-00045,2025-08-07,East,Home Office,Office Supplies,Paper,1,19.22,0.1,17.3,4.24
ORD-02404,2025-08-08,West,Consumer,Office Supplies,Stapler,6,12.24,0.3,51.4,5.21
ORD-02665,2025-08-08,South,Home Office,Office Supplies,Binder,5,16.36,0.05,77.71,22.52
ORD-02143,2025-08-08,West,Consumer,Office Supplies,Paper,7,18.4,0.2,103.06,22.05
ORD-01265,2025-08-08,North,Home Office,Furniture,Bookcase,2,196.86,0.05,374.03,17.87
ORD-02102,2025-08-09,South,Home Office,Technology,Phone,1,622.84,0.3,435.99,12.03
ORD-00666,2025-08-09,North,Consumer,Technology,Phone,2,622.58,0.0,1245.15,233.8
ORD-02721,2025-08-09,South,Home Office,Technology,Phone,7,626.12,0.0,4382.87,673.13
ORD-00167,2025-08-10,West,Home Office,Technology,Laptop,4,876.21,0.4,2102.91,-176.23
ORD-01373,2025-08-11,North,Home Office,Technology,Monitor,7,316.44,0.1,1993.57,264.78
ORD-02026,2025-08-12,West,Corporate,Furniture,Desk,2,350.63,0.05,666.19,39.28
ORD-01622,2025-08-12,East,Corporate,Office Supplies,Printer Ink,1,64.47,0.2,51.57,8.15
ORD-01933,2025-08-12,East,Home Office,Technology,Headphones,4,118.91,0.05,451.85,72.93
ORD-01341,2025-08-13,South,Corporate,Technology,Phone,1,556.49,0.0,556.49,104.19
ORD-01753,2025-08-13,West,Consumer,Furniture,Chair,7,158.34,0.0,1108.37,106.46
ORD-02828,2025-08-14,East,Consumer,Furniture,Desk,3,340.96,0.05,971.75,48.02
ORD-02703,2025-08-14,East,Home Office,Office Supplies,Paper,2,19.95,0.0,39.91,11.49
ORD-01504,2025-08-14,South,Home Office,Technology,Laptop,3,811.6,0.0,2434.8,416.77
ORD-01598,2025-08-14,West,Corporate,Furniture,Bookcase,3,202.27,0.0,606.8,53.45
ORD-00786,2025-08-15,North,Consumer,Office Supplies,Paper,1,19.6,0.1,17.64,3.97
ORD-02942,2025-08-16,West,Consumer,Technology,Monitor,6,329.36,0.1,1778.55,258.5
ORD-00712,2025-08-16,West,Home Office,Office Supplies,Binder,2,15.5,0.1,27.91,6.62
ORD-02652,2025-08-16,North,Corporate,Office Supplies,Paper,7,18.18,0.05,120.87,30.59
ORD-00082,2025-08-16,North,Corporate,Office Supplies,Stapler,2,11.19,0.0,22.37,7.1
ORD-01603,2025-08-16,North,Corporate,Office Supplies,Printer Ink,7,62.6,0.0,438.2,141.18
ORD-02484,2025-08-17,North,Consumer,Office Supplies,Binder,6,15.32,0.05,87.34,23.31
ORD-02852,2025-08-17,West,Consumer,Technology,Headphones,6,121.44,0.1,655.8,65.07
ORD-02195,2025-08-17,South,Consumer,Office Supplies,Binder,4,14.65,0.2,46.87,8.14
ORD-01538,2025-08-17,North,Home Office,Technology,Phone,3,583.26,0.0,1749.77,351.21
ORD-00256,2025-08-18,South,Home Office,Technology,Monitor,3,277.23,0.1,748.51,111.51
ORD-01097,2025-08-18,West,Corporate,Office Supplies,Printer Ink,3,61.79,0.0,185.38,54.01
ORD-02677,2025-08-19,South,Corporate,Office Supplies,Paper,5,20.93,0.1,94.18,22.65
ORD-00981,2025-08-20,East,Corporate,Furniture,Chair,5,140.23,0.0,701.14,70.52
ORD-02186,2025-08-20,South,Consumer,Technology,Phone,6,642.83,0.0,3856.96,733.57
ORD-02975,2025-08-21,East,Consumer,Technology,Laptop,2,822.02,0.1,1479.64,174.37
ORD-02611,2025-08-21,North,Consumer,Office Supplies,Binder,5,14.39,0.0,71.97,21.06
ORD-02696,2025-08-21,West,Corporate,Technology,Headphones,2,110.38,0.0,220.76,38.04
ORD-02498,2025-08-21,East,Consumer,Technology,Monitor,5,292.4,0.05,1388.92,249.9
ORD-01257,2025-08-21,East,Corporate,Furniture,Chair,1,139.98,0.1,125.98,2.05
ORD-01168,2025-08-21,West,Corporate,Furniture,Desk,1,356.79,0.05,338.95,4.98
ORD-01540,2025-08-22,East,Corporate,Technology,Laptop,3,829.97,0.0,2489.9,481.44
ORD-01681,2025-08-22,West,Consumer,Technology,Headphones,5,110.4,0.0,551.98,112.97
ORD-01143,2025-08-23,North,Consumer,Furniture,Desk,1,337.36,0.2,269.89,-5.26
ORD-02991,2025-08-23,South,Home Office,Office Supplies,Printer Ink,6,59.4,0.0,356.4,98.2
ORD-00631,2025-08-24,South,Corporate,Office Supplies,Printer Ink,1,64.83,0.1,58.35,12.64
ORD-00013,2025-08-24,South,Consumer,Office Supplies,Printer Ink,5,62.38,0.0,311.9,92.48
ORD-01491,2025-08-24,West,Consumer,Office Supplies,Paper,4,18.72,0.2,59.91,10.61
ORD-01185,2025-08-24,West,Consumer,Office Supplies,Binder,5,13.88,0.0,69.41,21.47
ORD-02618,2025-08-24,North,Consumer,Office Supplies,Paper,6,19.8,0.05,112.87,30.04
ORD-02638,2025-08-24,North,Consumer,Technology,Headphones,7,116.69,0.0,816.85,144.31
ORD-01162,2025-08-25,West,Corporate,Office Supplies,Stapler,7,13.18,0.2,73.81,10.55
ORD-02177,2025-08-25,West,Consumer,Technology,Laptop,1,936.1,0.2,748.88,40.89
ORD-01166,2025-08-25,North,Consumer,Technology,Laptop,5,892.24,0.0,4461.19,894.17
ORD-01944,2025-08-26,East,Home Office,Furniture,Bookcase,6,208.43,0.0,1250.61,125.27
ORD-00261,2025-08-26,East,Corporate,Office Supplies,Binder,2,16.33,0.05,31.02,8.95
ORD-00396,2025-08-27,West,Corporate,Technology,Monitor,3,305.04,0.0,915.13,143.02
ORD-00519,2025-08-28,South,Corporate,Office Supplies,Paper,7,20.5,0.0,143.52,43.73
ORD-01211,2025-08-28,South,Consumer,Furniture,Chair,2,138.94,0.05,263.98,13.72
ORD-01769,2025-08-28,South,Consumer,Office Supplies,Stapler,3,12.89,0.05,36.75,9.25
ORD-01304,2025-08-28,North,Corporate,Technology,Headphones,3,126.77,0.1,342.27,50.05
ORD-02833,2025-08-28,East,Consumer,Office Supplies,Paper,6,18.03,0.0,108.18,33.3
ORD-02573,2025-08-28,West,Corporate,Office Supplies,Stapler,5,12.72,0.0,63.6,18.83
ORD-02332,2025-08-28,North,Consumer,Technology,Phone,6,625.19,0.0,3751.13,713.75
ORD-00150,2025-08-28,North,Corporate,Technology,Laptop,4,957.56,0.0,3830.24,811.34
ORD-00018,2025-08-29,East,Consumer,Furniture,Chair,4,145.88,0.1,525.17,7.78
ORD-02430,2025-08-29,East,Consumer,Furniture,Bookcase,6,183.01,0.0,1098.05,108.48
ORD-02466,2025-08-29,East,Consumer,Office Supplies,Printer Ink,4,58.48,0.0,233.93,74.87
ORD-01202,2025-08-30,North,Home Office,Technology,Monitor,4,282.6,0.05,1073.88,191.98
ORD-02528,2025-08-30,South,Corporate,Office Supplies,Stapler,2,12.91,0.0,25.82,8.05
ORD-02503,2025-08-30,West,Home Office,Office Supplies,Printer Ink,1,54.44,0.3,38.11,3.56
ORD-00166,2025-08-31,North,Consumer,Technology,Headphones,6,126.52,0.05,721.16,107.26
ORD-01410,2025-08-31,East,Home Office,Furniture,Bookcase,3,194.74,0.2,467.38,-28.5
ORD-01814,2025-08-31,West,Corporate,Furniture,Bookcase,4,186.87,0.05,710.1,32.44
ORD-00240,2025-08-31,North,Home Office,Office Supplies,Paper,7,20.03,0.1,126.19,27.93
ORD-01719,2025-08-31,West,Consumer,Technology,Laptop,1,839.19,0.0,839.19,186.56
ORD-00193,2025-09-01,East,Consumer,Office Supplies,Paper,2,18.9,0.05,35.91,11.48
ORD-02360,2025-09-01,North,Home Office,Office Supplies,Binder,7,13.96,0.0,97.72,27.82
ORD-01142,2025-09-02,North,Home Office,Technology,Laptop,3,820.33,0.0,2461.0,468.39
ORD-00044,2025-09-02,East,Corporate,Office Supplies,Printer Ink,2,60.61,0.0,121.22,37.53
ORD-00041,2025-09-03,North,Home Office,Office Supplies,Stapler,7,11.72,0.2,65.63,10.42
ORD-01869,2025-09-03,West,Home Office,Office Supplies,Printer Ink,4,63.25,0.3,177.1,23.3
ORD-01122,2025-09-03,West,Home Office,Office Supplies,Binder,2,14.09,0.05,26.77,7.23
ORD-00290,2025-09-03,North,Home Office,Furniture,Bookcase,2,208.52,0.1,375.33,3.8
ORD-01594,2025-09-04,West,Corporate,Technology,Monitor,5,283.35,0.2,1133.41,59.89
ORD-01614,2025-09-05,South,Consumer,Furniture,Chair,7,148.01,0.3,725.25,-69.33
ORD-02347,2025-09-05,North,Consumer,Office Supplies,Printer Ink,6,58.68,0.3,246.45,23.28
ORD-01394,2025-09-05,East,Home Office,Furniture,Desk,2,342.55,0.0,685.1,82.5
ORD-00824,2025-09-06,East,Consumer,Office Supplies,Printer Ink,3,64.4,0.1,173.89,43.25
ORD-02581,2025-09-06,South,Home Office,Furniture,Desk,6,330.78,0.0,1984.7,113.84
ORD-00539,2025-09-06,North,Home Office,Furniture,Chair,6,160.11,0.1,864.61,-23.9
ORD-02790,2025-09-06,West,Consumer,Office Supplies,Stapler,5,11.53,0.2,46.13,8.12
ORD-02515,2025-09-07,West,Consumer,Office Supplies,Stapler,3,11.05,0.1,29.83,7.3
ORD-00407,2025-09-07,West,Consumer,Technology,Laptop,5,959.2,0.0,4795.99,808.72
ORD-02752,2025-09-07,North,Consumer,Office Supplies,Paper,7,21.64,0.05,143.91,35.11
ORD-00507,2025-09-07,South,Consumer,Office Supplies,Binder,2,15.95,0.05,30.3,8.12
ORD-01391,2025-09-07,West,Corporate,Office Supplies,Binder,5,15.62,0.2,62.48,12.58
ORD-01573,2025-09-07,East,Consumer,Furniture,Desk,7,362.38,0.1,2283.0,119.73
ORD-02182,2025-09-08,West,Home Office,Technology,Headphones,2,130.99,0.1,235.78,27.28
ORD-00433,2025-09-08,North,Corporate,Technology,Headphones,4,112.1,0.4,269.03,-10.72
ORD-01351,2025-09-08,North,Home Office,Technology,Laptop,4,836.99,0.3,2343.57,-103.72
ORD-01103,2025-09-09,West,Corporate,Furniture,Chair,3,164.64,0.1,444.52,14.72
ORD-00542,2025-09-09,West,Consumer,Office Supplies,Paper,4,21.36,0.0,85.44,27.67
ORD-02660,2025-09-10,North,Consumer,Furniture,Desk,1,325.25,0.1,292.73,-8.94
ORD-00749,2025-09-11,South,Corporate,Technology,Phone,7,546.28,0.0,3823.93,688.96
ORD-02768,2025-09-11,South,Home Office,Furniture,Desk,6,370.33,0.0,2221.99,118.18
ORD-01785,2025-09-12,North,Corporate,Office Supplies,Paper,5,18.41,0.1,82.84,19.59
ORD-02000,2025-09-12,South,Consumer,Technology,Phone,6,622.9,0.1,3363.67,367.67
ORD-01412,2025-09-12,East,Home Office,Office Supplies,Binder,1,15.36,0.1,13.83,3.41
ORD-00511,2025-09-12,East,Consumer,Office Supplies,Stapler,4,12.53,0.0,50.11,15.17
ORD-02053,2025-09-12,East,Corporate,Technology,Headphones,1,110.47,0.2,88.38,4.08
ORD-02273,2025-09-12,South,Home Office,Office Supplies,Paper,6,20.18,0.4,72.64,4.42
ORD-01083,2025-09-13,North,Consumer,Furniture,Chair,3,135.06,0.1,364.65,0.6
ORD-00562,2025-09-13,South,Consumer,Office Supplies,Printer Ink,6,60.53,0.1,326.86,87.41
ORD-00294,2025-09-13,East,Consumer,Furniture,Bookcase,4,205.39,0.1,739.42,12.39
ORD-02139,2025-09-14,West,Consumer,Office Supplies,Printer Ink,5,57.54,0.2,230.18,41.8
ORD-00571,2025-09-14,North,Corporate,Technology,Headphones,7,120.81,0.3,591.95,0.79
ORD-02741,2025-09-14,South,Home Office,Office Supplies,Binder,1,13.51,0.05,12.83,3.12
ORD-00921,2025-09-15,North,Consumer,Office Supplies,Paper,2,21.37,0.3,29.92,2.98
ORD-01998,2025-09-15,South,Consumer,Furniture,Desk,4,383.39,0.0,1533.55,101.02
ORD-02794,2025-09-16,North,Consumer,Office Supplies,Printer Ink,5,54.73,0.05,259.99,79.17
ORD-01657,2025-09-16,West,Consumer,Technology,Headphones,6,110.58,0.05,630.31,88.46
ORD-02649,2025-09-16,West,Consumer,Technology,Headphones,5,124.22,0.1,559.0,68.61
ORD-01017,2025-09-16,North,Home Office,Furniture,Desk,3,326.4,0.05,930.23,41.06
ORD-00941,2025-09-16,East,Consumer,Technology,Phone,4,576.94,0.05,2192.35,314.36
ORD-02380,2025-09-17,West,Corporate,Technology,Phone,5,568.5,0.1,2558.25,305.89
ORD-01577,2025-09-17,North,Consumer,Technology,Monitor,4,311.29,0.4,747.09,-58.69
ORD-01902,2025-09-18,South,Consumer,Technology,Headphones,5,120.6,0.1,542.72,78.51
ORD-01666,2025-09-18,West,Home Office,Office Supplies,Stapler,7,12.27,0.1,77.3,17.89
ORD-01967,2025-09-18,East,Consumer,Furniture,Bookcase,5,204.84,0.1,921.76,35.02
ORD-00324,2025-09-18,East,Consumer,Office Supplies,Stapler,4,13.17,0.05,50.05,12.66
ORD-00773,2025-09-19,West,Home Office,Office Supplies,Binder,4,15.68,0.0,62.71,17.79
ORD-00427,2025-09-19,North,Corporate,Office Supplies,Printer Ink,2,59.28,0.3,83.0,11.71
ORD-01854,2025-09-19,South,Consumer,Technology,Headphones,7,124.47,0.0,871.26,128.64
ORD-01958,2025-09-19,East,Consumer,Furniture,Chair,6,152.6,0.2,732.5,-3.63
ORD-00389,2025-09-20,North,Consumer,Technology,Laptop,6,928.64,0.2,4457.46,232.52
ORD-00279,2025-09-20,West,Consumer,Technology,Phone,3,624.8,0.1,1686.96,158.17
ORD-01665,2025-09-20,North,Corporate,Furniture,Chair,3,146.92,0.0,440.75,18.17
ORD-00440,2025-09-20,North,Consumer,Technology,Phone,1,560.12,0.2,448.1,21.64
ORD-00578,2025-09-20,South,Corporate,Office Supplies,Binder,6,16.44,0.0,98.61,28.85
ORD-01888,2025-09-20,South,Corporate,Furniture,Bookcase,3,189.59,0.1,511.89,23.74
ORD-00927,2025-09-21,East,Consumer,Office Supplies,Binder,5,14.2,0.0,71.01,20.06
ORD-01982,2025-09-21,South,Corporate,Furniture,Chair,5,164.97,0.2,659.89,-8.1
ORD-00947,2025-09-21,West,Consumer,Technology,Headphones,3,124.32,0.05,354.32,46.44
ORD-01319,2025-09-21,West,Consumer,Furniture,Desk,2,377.74,0.0,755.48,69.65
ORD-00574,2025-09-21,East,Consumer,Furniture,Chair,1,164.54,0.1,148.09,2.86
ORD-02091,2025-09-22,West,Consumer,Office Supplies,Stapler,5,11.03,0.1,49.65,12.9
ORD-01255,2025-09-22,East,Consumer,Technology,Headphones,2,113.71,0.0,227.43,36.6
ORD-00654,2025-09-22,North,Home Office,Furniture,Bookcase,3,204.96,0.0,614.87,51.76
ORD-00656,2025-09-23,East,Consumer,Technology,Phone,7,644.56,0.0,4511.94,857.8
ORD-00775,2025-09-23,East,Consumer,Furniture,Chair,6,146.14,0.0,876.86,70.56
ORD-02681,2025-09-23,West,Consumer,Furniture,Desk,7,357.67,0.2,2002.97,-86.09
ORD-01074,2025-09-23,East,Consumer,Technology,Monitor,4,327.05,0.0,1308.19,295.29
ORD-00072,2025-09-23,North,Consumer,Office Supplies,Binder,2,13.73,0.05,26.08,6.75
ORD-02351,2025-09-23,East,Consumer,Office Supplies,Paper,2,20.79,0.2,33.27,5.57
ORD-02917,2025-09-24,North,Corporate,Office Supplies,Paper,6,18.33,0.0,110.01,30.76
ORD-02073,2025-09-25,West,Home Office,Furniture,Chair,4,156.54,0.1,563.56,1.15
ORD-00779,2025-09-25,North,Home Office,Office Supplies,Paper,1,19.29,0.2,15.43,2.68
ORD-01496,2025-09-25,North,Consumer,Furniture,Bookcase,4,213.44,0.0,853.78,57.36
ORD-01335,2025-09-25,North,Consumer,Technology,Phone,7,549.79,0.05,3656.12,547.98
ORD-00520,2025-09-26,West,Consumer,Furniture,Chair,5,140.86,0.05,669.08,38.06
ORD-01788,2025-09-26,South,Consumer,Technology,Laptop,6,882.81,0.0,5296.87,899.95
ORD-00115,2025-09-26,North,Corporate,Office Supplies,Printer Ink,1,63.71,0.0,63.71,17.95
ORD-02155,2025-09-26,North,Corporate,Technology,Monitor,2,319.19,0.2,510.7,16.82
ORD-00645,2025-09-27,North,Home Office,Office Supplies,Stapler,2,12.2,0.3,17.08,1.88
ORD-00304,2025-09-27,West,Corporate,Office Supplies,Paper,2,18.89,0.1,34.0,8.29
ORD-00852,2025-09-28,North,Consumer,Furniture,Chair,3,159.23,0.0,477.68,34.82
ORD-00002,2025-09-28,South,Consumer,Technology,Laptop,5,843.88,0.0,4219.4,787.38
ORD-02577,2025-09-28,South,Corporate,Office Supplies,Printer Ink,6,56.1,0.0,336.6,95.75
ORD-02070,2025-09-28,East,Consumer,Technology,Headphones,2,110.89,0.1,199.6,26.84
ORD-02714,2025-09-29,West,Home Office,Technology,Phone,3,624.48,0.1,1686.11,232.05
ORD-01865,2025-09-29,North,Consumer,Technology,Headphones,6,114.3,0.0,685.81,144.89
ORD-01098,2025-09-29,East,Consumer,Office Supplies,Stapler,5,11.82,0.2,47.3,8.34
ORD-01240,2025-09-29,North,Corporate,Office Supplies,Printer Ink,5,54.1,0.0,270.51,69.57
ORD-01980,2025-09-29,East,Corporate,Office Supplies,Stapler,7,13.12,0.1,82.65,20.6
ORD-02278,2025-09-29,South,Corporate,Technology,Monitor,2,311.6,0.1,560.88,70.69
ORD-02617,2025-09-30,South,Corporate,Office Supplies,Paper,2,20.17,0.1,36.31,8.66
ORD-01165,2025-09-30,East,Home Office,Technology,Headphones,2,123.76,0.1,222.76,22.15
ORD-01048,2025-09-30,West,Consumer,Furniture,Chair,4,157.31,0.4,377.54,-50.95
ORD-00333,2025-09-30,East,Home Office,Technology,Headphones,3,124.64,0.0,373.91,62.62
ORD-02346,2025-10-01,East,Corporate,Office Supplies,Paper,3,21.34,0.0,64.02,19.47
ORD-01631,2025-10-01,South,Corporate,Furniture,Chair,2,157.03,0.2,251.24,0.09
ORD-02643,2025-10-02,North,Home Office,Furniture,Chair,3,139.13,0.1,375.66,-3.07
ORD-00742,2025-10-02,South,Corporate,Office Supplies,Binder,7,16.48,0.0,115.39,34.88
ORD-01452,2025-10-03,South,Consumer,Office Supplies,Binder,1,14.49,0.05,13.76,3.2
ORD-02471,2025-10-03,South,Home Office,Technology,Monitor,7,275.64,0.0,1929.51,342.29
ORD-00639,2025-10-04,East,Home Office,Furniture,Desk,3,337.64,0.05,962.28,59.73
ORD-01727,2025-10-04,West,Consumer,Technology,Phone,3,633.01,0.1,1709.12,213.17
ORD-00866,2025-10-04,East,Consumer,Office Supplies,Printer Ink,1,55.44,0.0,55.44,19.6
ORD-01278,2025-10-05,South,Consumer,Technology,Laptop,1,965.95,0.0,965.95,178.59
ORD-01734,2025-10-05,East,Corporate,Office Supplies,Printer Ink,2,55.39,0.2,88.63,17.69
ORD-00606,2025-10-05,East,Corporate,Technology,Headphones,2,114.24,0.1,205.63,16.22
ORD-01559,2025-10-06,North,Consumer,Office Supplies,Printer Ink,3,64.02,0.1,172.85,39.52
ORD-01408,2025-10-06,North,Consumer,Office Supplies,Binder,3,14.83,0.0,44.49,12.59
ORD-00245,2025-10-06,North,Home Office,Office Supplies,Printer Ink,7,60.99,0.1,384.26,78.12
ORD-01669,2025-10-06,West,Consumer,Technology,Phone,1,576.37,0.1,518.74,66.5
ORD-00251,2025-10-06,West,Consumer,Office Supplies,Binder,5,14.3,0.0,71.51,25.1
ORD-02336,2025-10-07,East,Home Office,Office Supplies,Binder,3,14.01,0.05,39.93,10.14
ORD-02756,2025-10-08,South,Consumer,Technology,Phone,2,646.59,0.0,1293.17,234.35
ORD-02269,2025-10-08,North,Home Office,Furniture,Chair,4,137.55,0.05,522.7,23.71
ORD-02274,2025-10-08,North,Corporate,Furniture,Desk,3,369.44,0.05,1052.9,52.93
ORD-02699,2025-10-09,West,Consumer,Technology,Laptop,1,955.63,0.05,907.85,138.22
ORD-02376,2025-10-10,East,Consumer,Technology,Phone,3,639.41,0.0,1918.23,287.81
ORD-01377,2025-10-10,East,Consumer,Technology,Headphones,2,124.57,0.1,224.23,25.99
ORD-02460,2025-10-11,West,Consumer,Office Supplies,Stapler,4,11.9,0.1,42.85,11.22
ORD-01579,2025-10-11,East,Consumer,Technology,Monitor,2,290.14,0.0,580.27,103.6
ORD-01194,2025-10-11,North,Corporate,Technology,Monitor,5,317.56,0.05,1508.4,204.11
ORD-02212,2025-10-11,West,Consumer,Office Supplies,Stapler,3,12.86,0.0,38.59,12.8
ORD-00828,2025-10-12,South,Consumer,Office Supplies,Printer Ink,7,63.62,0.1,400.78,94.81
ORD-02811,2025-10-12,West,Home Office,Technology,Laptop,6,897.94,0.0,5387.61,930.87
ORD-02694,2025-10-13,South,Corporate,Office Supplies,Printer Ink,3,54.01,0.2,129.61,24.38
ORD-01192,2025-10-13,West,Consumer,Office Supplies,Stapler,3,10.83,0.0,32.48,9.89
ORD-00703,2025-10-13,West,Consumer,Office Supplies,Stapler,3,12.22,0.1,33.0,6.98
ORD-00197,2025-10-13,East,Consumer,Technology,Headphones,1,127.93,0.0,127.93,21.97
ORD-01354,2025-10-13,North,Home Office,Office Supplies,Stapler,6,12.11,0.2,58.14,11.85
ORD-02949,2025-10-13,North,Consumer,Office Supplies,Binder,1,14.32,0.05,13.61,3.6
ORD-01070,2025-10-13,East,Corporate,Furniture,Desk,2,358.95,0.1,646.12,-9.54
ORD-00278,2025-10-13,North,Home Office,Furniture,Chair,7,141.05,0.05,937.96,52.24
ORD-02979,2025-10-13,North,Consumer,Office Supplies,Paper,5,21.58,0.1,97.13,25.44
ORD-00948,2025-10-13,East,Consumer,Office Supplies,Printer Ink,3,55.32,0.0,165.97,53.48
ORD-02692,2025-10-14,East,Consumer,Furniture,Chair,6,144.14,0.1,778.38,11.13
ORD-02235,2025-10-14,East,Corporate,Office Supplies,Printer Ink,2,61.08,0.05,116.05,31.43
ORD-01708,2025-10-14,South,Corporate,Technology,Phone,1,569.46,0.3,398.62,4.64
ORD-00911,2025-10-15,East,Corporate,Furniture,Bookcase,7,200.01,0.0,1400.05,94.43
ORD-01678,2025-10-15,South,Consumer,Technology,Monitor,7,316.4,0.05,2104.09,307.67
ORD-01338,2025-10-16,North,Corporate,Furniture,Bookcase,3,186.97,0.1,504.81,19.02
ORD-02620,2025-10-16,East,Consumer,Furniture,Chair,4,137.22,0.1,493.98,19.97
ORD-00857,2025-10-16,South,Corporate,Furniture,Desk,7,323.09,0.0,2261.61,190.81
ORD-01325,2025-10-17,North,Corporate,Office Supplies,Paper,2,21.5,0.1,38.71,8.44
ORD-01151,2025-10-17,North,Consumer,Furniture,Desk,3,381.41,0.2,915.39,-63.74
ORD-00405,2025-10-17,North,Consumer,Office Supplies,Printer Ink,1,56.25,0.1,50.63,12.55
ORD-02164,2025-10-17,North,Home Office,Office Supplies,Binder,7,13.73,0.0,96.1,31.4
ORD-00816,2025-10-18,East,Consumer,Furniture,Desk,6,379.31,0.4,1365.52,-194.5
ORD-00895,2025-10-19,West,Consumer,Office Supplies,Binder,6,15.12,0.1,81.65,19.21
ORD-02645,2025-10-19,East,Consumer,Technology,Phone,6,650.5,0.3,2732.1,72.2
ORD-02754,2025-10-20,South,Consumer,Technology,Monitor,2,311.5,0.3,436.09,2.88
ORD-02933,2025-10-20,East,Consumer,Technology,Laptop,6,898.99,0.0,5393.92,926.7
ORD-01773,2025-10-20,North,Consumer,Furniture,Desk,1,358.49,0.05,340.57,24.61
ORD-01713,2025-10-21,South,Consumer,Office Supplies,Paper,4,18.44,0.05,70.06,20.48
ORD-01522,2025-10-21,North,Consumer,Office Supplies,Binder,5,16.23,0.05,77.07,21.16
ORD-02494,2025-10-21,South,Corporate,Office Supplies,Paper,2,19.42,0.0,38.85,11.2
ORD-00451,2025-10-22,South,Consumer,Office Supplies,Paper,7,20.46,0.2,114.55,22.73
ORD-01119,2025-10-22,South,Home Office,Furniture,Chair,1,156.8,0.1,141.12,6.39
ORD-02005,2025-10-23,South,Consumer,Furniture,Desk,4,358.79,0.2,1148.12,-30.27
ORD-01736,2025-10-23,West,Corporate,Office Supplies,Binder,4,14.58,0.05,55.41,14.57
ORD-02363,2025-10-24,South,Corporate,Office Supplies,Binder,4,16.28,0.1,58.6,14.19
ORD-02610,2025-10-24,South,Corporate,Technology,Monitor,3,292.4,0.0,877.19,153.31
ORD-00501,2025-10-24,South,Consumer,Office Supplies,Stapler,3,12.95,0.0,38.86,10.8
ORD-00661,2025-10-24,South,Corporate,Office Supplies,Binder,6,15.16,0.0,90.95,26.97
ORD-00955,2025-10-25,North,Consumer,Office Supplies,Binder,2,13.74,0.0,27.47,8.18
ORD-00875,2025-10-25,North,Corporate,Furniture,Chair,5,152.29,0.05,723.39,16.07
ORD-01752,2025-10-25,North,Home Office,Furniture,Bookcase,1,208.2,0.3,145.74,-12.88
ORD-02772,2025-10-25,East,Corporate,Technology,Phone,6,612.44,0.05,3490.93,625.15
ORD-02632,2025-10-25,South,Consumer,Furniture,Bookcase,2,199.34,0.2,318.95,-1.76
ORD-02286,2025-10-25,East,Consumer,Office Supplies,Binder,2,14.14,0.1,25.46,7.11
ORD-01248,2025-10-26,South,Consumer,Technology,Headphones,2,126.69,0.3,177.37,-2.86
ORD-01562,2025-10-27,East,Corporate,Technology,Laptop,2,896.07,0.2,1433.71,120.95
ORD-00802,2025-10-27,East,Consumer,Furniture,Chair,4,141.58,0.0,566.3,33.82
ORD-01580,2025-10-27,North,Consumer,Office Supplies,Binder,3,14.9,0.05,42.47,11.41
ORD-00845,2025-10-27,South,Home Office,Furniture,Bookcase,6,200.43,0.05,1142.43,53.13
ORD-01225,2025-10-28,South,Home Office,Office Supplies,Printer Ink,1,65.1,0.05,61.85,17.05
ORD-00180,2025-10-28,North,Consumer,Office Supplies,Printer Ink,5,65.96,0.0,329.82,95.22
ORD-00178,2025-10-29,South,Consumer,Technology,Laptop,7,974.07,0.0,6818.47,1398.87
ORD-00023,2025-10-30,East,Consumer,Office Supplies,Printer Ink,6,56.0,0.0,336.01,97.87
ORD-02403,2025-10-30,South,Consumer,Technology,Phone,6,600.17,0.1,3240.9,365.78
ORD-01020,2025-10-30,North,Consumer,Technology,Monitor,5,307.05,0.3,1074.67,-4.7
ORD-02729,2025-10-30,West,Consumer,Technology,Laptop,3,875.0,0.05,2493.75,402.46
ORD-01909,2025-10-30,East,Consumer,Technology,Headphones,6,123.5,0.05,703.97,129.88
ORD-02706,2025-10-30,South,Consumer,Office Supplies,Printer Ink,6,60.14,0.0,360.83,107.26
ORD-01149,2025-10-30,East,Corporate,Furniture,Desk,7,360.14,0.0,2520.98,161.82
ORD-02591,2025-10-30,West,Consumer,Office Supplies,Stapler,6,11.05,0.4,39.77,2.58
ORD-02166,2025-10-31,East,Home Office,Furniture,Bookcase,7,218.63,0.1,1377.38,59.38
ORD-00181,2025-10-31,North,Consumer,Technology,Laptop,1,930.56,0.2,744.45,22.5
ORD-00151,2025-11-01,East,Home Office,Office Supplies,Printer Ink,5,56.67,0.3,198.34,22.88
ORD-01222,2025-11-01,North,Consumer,Furniture,Desk,6,365.96,0.1,1976.17,94.43
ORD-00938,2025-11-01,East,Consumer,Furniture,Bookcase,3,217.5,0.2,522.0,-7.47
ORD-02202,2025-11-01,West,Home Office,Technology,Monitor,7,328.67,0.3,1610.5,31.83
ORD-02666,2025-11-01,South,Corporate,Technology,Phone,1,648.75,0.0,648.75,123.2
ORD-02140,2025-11-01,West,Home Office,Office Supplies,Paper,2,20.9,0.05,39.7,10.83
ORD-00651,2025-11-01,East,Home Office,Technology,Laptop,5,903.7,0.2,3614.8,203.01
ORD-01514,2025-11-01,North,Consumer,Technology,Phone,7,656.91,0.0,4598.34,939.2
ORD-00815,2025-11-02,West,Corporate,Furniture,Chair,1,151.42,0.05,143.85,10.91
ORD-00413,2025-11-02,West,Consumer,Technology,Phone,7,644.8,0.3,3159.54,17.67
ORD-01488,2025-11-02,West,Consumer,Technology,Monitor,7,271.91,0.05,1808.23,316.26
ORD-00691,2025-11-02,East,Consumer,Office Supplies,Printer Ink,7,64.2,0.1,404.46,106.96
ORD-02224,2025-11-03,North,Corporate,Furniture,Bookcase,2,204.23,0.05,388.04,22.85
ORD-02309,2025-11-03,East,Corporate,Technology,Monitor,2,316.07,0.05,600.52,87.26
ORD-01418,2025-11-03,East,Corporate,Technology,Phone,7,644.1,0.0,4508.72,703.48
ORD-00369,2025-11-03,North,Home Office,Furniture,Chair,5,155.83,0.0,779.13,40.45
ORD-02094,2025-11-04,South,Consumer,Office Supplies,Binder,5,14.98,0.0,74.9,23.06
ORD-02424,2025-11-04,North,Consumer,Office Supplies,Stapler,7,11.03,0.0,77.21,19.52
ORD-00713,2025-11-05,North,Consumer,Office Supplies,Binder,5,15.32,0.05,72.78,19.22
ORD-02527,2025-11-05,West,Consumer,Technology,Laptop,2,839.15,0.3,1174.81,27.37
ORD-01758,2025-11-05,North,Home Office,Technology,Monitor,1,293.52,0.0,293.52,56.96
ORD-00912,2025-11-05,East,Consumer,Office Supplies,Printer Ink,1,61.64,0.0,61.64,18.46
ORD-00109,2025-11-05,East,Consumer,Office Supplies,Paper,6,21.59,0.0,129.52,42.87
ORD-01388,2025-11-05,South,Home Office,Office Supplies,Binder,3,15.83,0.05,45.12,12.91
ORD-02619,2025-11-05,East,Corporate,Technology,Phone,6,577.48,0.0,3464.91,705.15
ORD-00295,2025-11-05,East,Consumer,Office Supplies,Binder,6,15.71,0.2,75.39,12.44
ORD-00865,2025-11-06,East,Consumer,Furniture,Chair,6,164.44,0.3,690.66,-57.03
ORD-00602,2025-11-06,South,Corporate,Furniture,Bookcase,6,209.95,0.3,881.78,-84.08
ORD-01912,2025-11-06,East,Corporate,Furniture,Chair,6,142.4,0.3,598.09,-55.02
ORD-01874,2025-11-07,East,Consumer,Furniture,Bookcase,4,202.95,0.05,771.19,41.6
ORD-01954,2025-11-07,West,Corporate,Technology,Monitor,7,301.96,0.4,1268.22,-59.77
ORD-01851,2025-11-07,East,Consumer,Office Supplies,Paper,5,20.03,0.05,95.13,29.64
ORD-00553,2025-11-08,North,Consumer,Furniture,Chair,7,156.09,0.05,1038.01,52.21
ORD-01033,2025-11-08,North,Consumer,Furniture,Bookcase,4,217.29,0.0,869.16,48.53
ORD-01648,2025-11-08,North,Consumer,Furniture,Bookcase,5,194.71,0.0,973.55,82.42
ORD-02256,2025-11-09,East,Corporate,Office Supplies,Stapler,2,12.6,0.0,25.2,8.05
ORD-00100,2025-11-09,South,Consumer,Office Supplies,Printer Ink,5,65.98,0.0,329.89,84.72
ORD-01563,2025-11-09,East,Consumer,Office Supplies,Binder,5,15.86,0.05,75.35,18.86
ORD-00576,2025-11-09,West,Consumer,Office Supplies,Binder,1,13.53,0.05,12.85,4.1
ORD-01794,2025-11-09,North,Corporate,Furniture,Desk,2,326.19,0.0,652.39,57.56
ORD-00694,2025-11-09,East,Consumer,Office Supplies,Binder,3,16.21,0.05,46.2,11.19
ORD-00419,2025-11-10,West,Consumer,Office Supplies,Stapler,5,11.83,0.0,59.14,16.51
ORD-01056,2025-11-10,North,Corporate,Technology,Laptop,3,931.98,0.0,2795.94,463.67
ORD-01446,2025-11-11,West,Consumer,Furniture,Chair,6,136.6,0.3,573.71,-62.85
ORD-02524,2025-11-11,East,Consumer,Technology,Monitor,4,282.87,0.4,678.9,-74.2
ORD-00853,2025-11-11,West,Consumer,Furniture,Chair,4,140.99,0.0,563.95,48.73
ORD-01081,2025-11-11,South,Home Office,Technology,Monitor,7,291.7,0.05,1939.78,308.8
ORD-01691,2025-11-11,East,Consumer,Technology,Laptop,4,862.66,0.1,3105.57,474.91
ORD-02526,2025-11-12,East,Consumer,Furniture,Chair,7,162.77,0.3,797.58,-85.24
ORD-01600,2025-11-12,East,Corporate,Office Supplies,Binder,2,14.44,0.1,26.0,6.78
ORD-02595,2025-11-12,East,Corporate,Office Supplies,Paper,3,20.64,0.1,55.73,14.87
ORD-02953,2025-11-12,North,Home Office,Technology,Phone,1,563.72,0.0,563.72,101.94
ORD-02959,2025-11-12,East,Corporate,Furniture,Bookcase,7,205.04,0.0,1435.26,120.09
ORD-00676,2025-11-13,North,Consumer,Furniture,Desk,7,358.79,0.0,2511.5,197.5
ORD-00161,2025-11-13,West,Consumer,Office Supplies,Paper,6,21.97,0.1,118.62,29.47
ORD-01397,2025-11-13,South,Corporate,Office Supplies,Printer Ink,2,57.63,0.05,109.5,27.59
ORD-00320,2025-11-13,North,Corporate,Technology,Laptop,5,926.68,0.05,4401.72,609.56
ORD-01664,2025-11-14,East,Consumer,Office Supplies,Paper,5,19.96,0.2,79.86,13.89
ORD-00973,2025-11-14,South,Consumer,Technology,Phone,1,543.07,0.2,434.45,22.3
ORD-00584,2025-11-14,West,Corporate,Office Supplies,Stapler,7,11.1,0.1,69.94,14.8
ORD-01700,2025-11-14,West,Corporate,Office Supplies,Binder,1,13.99,0.3,9.79,1.03
ORD-02319,2025-11-15,North,Consumer,Furniture,Chair,7,161.53,0.05,1074.16,66.95
ORD-02761,2025-11-15,North,Home Office,Office Supplies,Binder,5,16.4,0.05,77.9,24.04
ORD-00781,2025-11-15,West,Consumer,Office Supplies,Paper,3,20.37,0.1,55.01,15.37
ORD-00764,2025-11-15,East,Home Office,Technology,Phone,7,619.91,0.05,4122.4,501.13
ORD-00401,2025-11-15,South,Corporate,Office Supplies,Printer Ink,6,61.48,0.2,295.12,58.19
ORD-01828,2025-11-16,North,Home Office,Office Supplies,Paper,1,18.21,0.05,17.3,4.87
ORD-01006,2025-11-16,North,Corporate,Furniture,Desk,2,354.85,0.1,638.73,39.6
ORD-00985,2025-11-16,West,Consumer,Technology,Monitor,4,320.29,0.1,1153.05,107.53
ORD-00264,2025-11-16,South,Corporate,Furniture,Chair,6,154.04,0.1,831.84,15.11
ORD-00502,2025-11-16,North,Consumer,Technology,Laptop,2,860.05,0.0,1720.1,310.02
ORD-01759,2025-11-17,West,Consumer,Office Supplies,Paper,3,19.72,0.05,56.2,16.49
ORD-02214,2025-11-17,North,Corporate,Furniture,Bookcase,1,180.07,0.0,180.07,14.13
ORD-01637,2025-11-17,South,Home Office,Office Supplies,Paper,5,20.5,0.0,102.51,31.11
ORD-02493,2025-11-17,East,Home Office,Furniture,Bookcase,3,185.6,0.3,389.76,-37.4
ORD-02908,2025-11-17,West,Home Office,Technology,Headphones,2,123.53,0.05,234.71,32.48
ORD-02819,2025-11-17,South,Corporate,Furniture,Chair,5,147.52,0.05,700.73,29.91
ORD-00225,2025-11-18,West,Home Office,Office Supplies,Binder,7,14.68,0.0,102.76,29.68
ORD-01311,2025-11-18,North,Corporate,Office Supplies,Binder,1,16.48,0.1,14.83,3.53
ORD-00292,2025-11-18,North,Consumer,Office Supplies,Binder,7,14.03,0.0,98.21,32.66
ORD-01082,2025-11-18,West,Consumer,Office Supplies,Paper,3,20.14,0.0,60.41,18.75
ORD-01949,2025-11-18,South,Consumer,Office Supplies,Printer Ink,1,58.17,0.05,55.27,15.37
ORD-00994,2025-11-18,West,Consumer,Technology,Phone,1,612.61,0.2,490.09,47.86
ORD-00131,2025-11-18,North,Home Office,Office Supplies,Stapler,4,12.48,0.0,49.94,14.99
ORD-00630,2025-11-18,South,Home Office,Technology,Laptop,5,926.95,0.0,4634.77,795.35
ORD-01945,2025-11-19,South,Consumer,Office Supplies,Paper,1,19.13,0.2,15.3,2.54
ORD-00011,2025-11-19,East,Consumer,Office Supplies,Binder,6,15.14,0.0,90.81,28.18
ORD-01985,2025-11-19,North,Consumer,Furniture,Bookcase,1,190.09,0.05,180.58,6.23
ORD-02655,2025-11-19,East,Corporate,Technology,Phone,2,580.82,0.0,1161.63,203.01
ORD-02579,2025-11-19,South,Consumer,Office Supplies,Paper,2,20.86,0.0,41.71,12.87
ORD-01284,2025-11-19,South,Consumer,Office Supplies,Printer Ink,3,62.72,0.4,112.9,1.18
ORD-00430,2025-11-20,East,Consumer,Office Supplies,Binder,5,14.39,0.0,71.94,24.09
ORD-02115,2025-11-20,West,Corporate,Office Supplies,Paper,7,19.75,0.0,138.26,44.44
ORD-01305,2025-11-20,South,Consumer,Technology,Headphones,2,121.2,0.0,242.39,42.31
ORD-02133,2025-11-20,North,Corporate,Furniture,Bookcase,4,192.87,0.1,694.32,32.69
ORD-00218,2025-11-20,North,Consumer,Technology,Monitor,7,316.15,0.4,1327.82,-53.03
ORD-00590,2025-11-20,North,Corporate,Office Supplies,Paper,3,19.36,0.1,52.26,12.72
ORD-01820,2025-11-20,North,Corporate,Office Supplies,Binder,1,15.72,0.4,9.43,0.43
ORD-02043,2025-11-21,East,Consumer,Furniture,Bookcase,1,200.96,0.2,160.77,-3.63
ORD-02065,2025-11-21,East,Consumer,Furniture,Chair,1,151.7,0.1,136.53,-0.07
ORD-00757,2025-11-21,West,Consumer,Technology,Phone,3,569.94,0.0,1709.82,302.46
ORD-02189,2025-11-21,East,Consumer,Office Supplies,Printer Ink,3,55.83,0.2,133.98,17.72
ORD-01947,2025-11-21,South,Consumer,Office Supplies,Stapler,1,12.06,0.0,12.06,3.45
ORD-02145,2025-11-21,North,Home Office,Office Supplies,Binder,3,14.99,0.2,35.98,6.94
ORD-01556,2025-11-21,South,Home Office,Office Supplies,Paper,2,20.55,0.05,39.04,10.86
ORD-01249,2025-11-21,South,Corporate,Office Supplies,Paper,7,20.18,0.0,141.27,45.73
ORD-02217,2025-11-21,West,Consumer,Technology,Phone,1,550.35,0.1,495.31,57.43
ORD-02973,2025-11-22,West,Home Office,Office Supplies,Binder,1,16.0,0.2,12.8,2.55
ORD-02623,2025-11-22,North,Corporate,Office Supplies,Binder,4,13.88,0.1,49.97,13.34
ORD-02901,2025-11-22,West,Corporate,Technology,Laptop,6,837.51,0.05,4773.81,663.31
ORD-00360,2025-11-22,West,Corporate,Furniture,Chair,5,153.39,0.0,766.93,51.35
ORD-02419,2025-11-22,South,Corporate,Furniture,Desk,5,377.39,0.0,1886.95,121.15
ORD-02868,2025-11-22,West,Consumer,Technology,Monitor,6,299.88,0.05,1709.33,257.09
ORD-02409,2025-11-22,North,Consumer,Office Supplies,Printer Ink,1,64.31,0.1,57.88,14.09
ORD-01430,2025-11-22,East,Consumer,Furniture,Desk,7,357.74,0.4,1502.49,-264.32
ORD-01866,2025-11-23,West,Corporate,Technology,Phone,2,624.26,0.1,1123.67,106.54
ORD-01113,2025-11-23,East,Corporate,Furniture,Bookcase,2,182.79,0.0,365.58,18.5
ORD-01285,2025-11-23,South,Consumer,Technology,Laptop,6,851.6,0.1,4598.64,539.48
ORD-00234,2025-11-23,West,Home Office,Technology,Headphones,2,127.76,0.3,178.86,-3.52
ORD-01228,2025-11-24,South,Corporate,Office Supplies,Paper,3,18.5,0.0,55.51,18.03
ORD-00882,2025-11-24,South,Home Office,Office Supplies,Printer Ink,2,55.3,0.0,110.6,33.2
ORD-02788,2025-11-24,East,Consumer,Office Supplies,Stapler,7,12.0,0.05,79.78,23.01
ORD-01073,2025-11-25,North,Corporate,Technology,Laptop,4,882.04,0.0,3528.15,764.2
ORD-00381,2025-11-25,South,Consumer,Office Supplies,Stapler,7,10.87,0.05,72.29,17.55
ORD-00190,2025-11-25,West,Consumer,Technology,Headphones,1,108.76,0.1,97.89,9.24
ORD-02103,2025-11-25,West,Consumer,Office Supplies,Paper,7,19.57,0.4,82.19,7.34
ORD-00173,2025-11-25,West,Corporate,Office Supplies,Binder,5,14.7,0.1,66.17,13.87
ORD-01438,2025-11-25,North,Corporate,Technology,Phone,6,592.47,0.0,3554.83,511.36
ORD-01470,2025-11-25,South,Home Office,Office Supplies,Printer Ink,2,64.39,0.1,115.9,30.5
ORD-01390,2025-11-25,East,Consumer,Technology,Laptop,2,951.05,0.2,1521.67,74.92
ORD-02201,2025-11-25,West,Consumer,Technology,Phone,6,553.83,0.3,2326.1,-74.76
ORD-00339,2025-11-25,South,Corporate,Furniture,Bookcase,1,193.09,0.1,173.78,4.66
ORD-02507,2025-11-25,East,Consumer,Furniture,Desk,4,383.55,0.0,1534.22,116.96
ORD-00376,2025-11-25,West,Home Office,Technology,Headphones,5,123.56,0.0,617.79,112.27
ORD-00142,2025-11-26,North,Consumer,Office Supplies,Paper,4,19.31,0.2,61.79,9.98
ORD-01675,2025-11-26,North,Consumer,Technology,Headphones,4,131.94,0.4,316.66,-7.54
ORD-01585,2025-11-26,South,Home Office,Office Supplies,Printer Ink,2,55.12,0.4,66.14,3.26
ORD-02506,2025-11-27,East,Home Office,Technology,Phone,7,587.49,0.2,3289.97,348.13
ORD-02855,2025-11-27,West,Home Office,Office Supplies,Paper,6,20.72,0.1,111.89,27.62
ORD-00954,2025-11-27,North,Consumer,Technology,Phone,7,563.74,0.3,2762.34,-65.22
ORD-00467,2025-11-27,North,Consumer,Furniture,Chair,7,160.45,0.0,1123.18,89.53
ORD-02036,2025-11-28,East,Consumer,Office Supplies,Printer Ink,3,64.29,0.3,135.01,13.77
ORD-02598,2025-11-28,West,Home Office,Office Supplies,Binder,4,13.92,0.05,52.89,13.69
ORD-02887,2025-11-28,East,Consumer,Technology,Laptop,2,918.27,0.2,1469.23,63.09
ORD-01843,2025-11-28,East,Consumer,Furniture,Bookcase,1,188.01,0.1,169.21,0.29
ORD-00936,2025-11-28,North,Consumer,Furniture,Desk,6,344.43,0.0,2066.59,242.76
ORD-02479,2025-11-29,North,Consumer,Office Supplies,Stapler,5,11.1,0.05,52.73,13.64
ORD-01977,2025-11-29,North,Consumer,Technology,Laptop,2,945.85,0.3,1324.19,7.01
ORD-01413,2025-11-29,East,Consumer,Technology,Laptop,4,883.01,0.0,3532.04,749.75
ORD-01654,2025-11-29,North,Consumer,Furniture,Desk,4,347.9,0.0,1391.6,98.05
ORD-02765,2025-11-30,East,Corporate,Furniture,Bookcase,5,196.97,0.2,787.9,-28.26
ORD-01458,2025-11-30,East,Corporate,Technology,Laptop,4,810.44,0.1,2917.58,429.2
ORD-02060,2025-11-30,South,Home Office,Technology,Monitor,4,310.5,0.0,1242.0,222.54
ORD-01730,2025-11-30,North,Consumer,Furniture,Chair,5,136.98,0.1,616.4,31.13
ORD-01309,2025-11-30,West,Corporate,Office Supplies,Printer Ink,2,64.57,0.0,129.13,41.56
ORD-01371,2025-12-01,South,Consumer,Technology,Phone,3,644.97,0.05,1838.17,217.89
ORD-01026,2025-12-01,East,Consumer,Office Supplies,Paper,6,21.28,0.05,121.32,34.66
ORD-00462,2025-12-01,North,Consumer,Technology,Monitor,4,311.47,0.0,1245.87,273.23
ORD-00346,2025-12-01,North,Consumer,Office Supplies,Stapler,1,12.02,0.0,12.02,3.46
ORD-02218,2025-12-01,North,Consumer,Technology,Phone,3,641.54,0.1,1732.17,257.25
ORD-02300,2025-12-02,East,Home Office,Office Supplies,Paper,5,18.19,0.4,54.58,6.12
ORD-01263,2025-12-02,North,Consumer,Office Supplies,Paper,2,20.66,0.0,41.32,11.82
ORD-01592,2025-12-02,North,Consumer,Office Supplies,Printer Ink,7,55.58,0.1,350.14,81.0
ORD-01453,2025-12-02,West,Consumer,Office Supplies,Paper,3,21.88,0.05,62.36,18.45
ORD-02690,2025-12-02,North,Consumer,Furniture,Bookcase,4,217.94,0.3,610.24,-66.41
ORD-00319,2025-12-02,West,Home Office,Furniture,Bookcase,4,198.23,0.2,634.33,-26.0
ORD-02502,2025-12-03,West,Consumer,Technology,Headphones,1,112.86,0.05,107.22,18.4
ORD-02599,2025-12-03,West,Consumer,Furniture,Desk,3,331.28,0.1,894.45,7.44
ORD-02233,2025-12-03,South,Home Office,Furniture,Desk,3,327.34,0.0,982.01,39.63
ORD-02553,2025-12-03,East,Consumer,Technology,Phone,1,589.52,0.2,471.61,23.65
ORD-01013,2025-12-03,South,Corporate,Technology,Monitor,6,327.6,0.0,1965.61,389.6
ORD-01950,2025-12-04,North,Consumer,Technology,Monitor,3,326.53,0.3,685.71,0.95
ORD-00169,2025-12-04,East,Corporate,Office Supplies,Paper,4,20.05,0.1,72.17,17.59
ORD-00387,2025-12-04,South,Corporate,Office Supplies,Binder,2,14.16,0.1,25.48,5.81
ORD-00964,2025-12-04,South,Consumer,Furniture,Bookcase,3,206.13,0.05,587.47,43.9
ORD-01919,2025-12-05,West,Consumer,Furniture,Bookcase,1,219.03,0.4,131.42,-23.54
ORD-01060,2025-12-05,South,Home Office,Office Supplies,Binder,2,14.41,0.0,28.83,8.9
ORD-00915,2025-12-05,East,Consumer,Furniture,Bookcase,4,213.11,0.3,596.7,-46.68
ORD-02002,2025-12-05,South,Home Office,Office Supplies,Paper,5,20.52,0.1,92.36,21.59
ORD-00966,2025-12-05,East,Corporate,Furniture,Bookcase,6,195.59,0.1,1056.18,6.45
ORD-00223,2025-12-06,North,Consumer,Office Supplies,Binder,2,14.7,0.1,26.46,6.37
ORD-01517,2025-12-06,South,Consumer,Technology,Phone,4,587.03,0.0,2348.12,358.46
ORD-00719,2025-12-06,North,Corporate,Furniture,Desk,4,371.84,0.0,1487.35,55.64
ORD-02823,2025-12-06,West,Consumer,Technology,Headphones,6,121.93,0.3,512.11,-0.7
ORD-00891,2025-12-06,West,Corporate,Office Supplies,Paper,7,19.74,0.2,110.54,20.96
ORD-02948,2025-12-07,South,Home Office,Furniture,Desk,1,318.29,0.2,254.63,2.47
ORD-02534,2025-12-07,East,Corporate,Office Supplies,Binder,1,16.5,0.3,11.55,1.25
ORD-02435,2025-12-07,West,Consumer,Technology,Headphones,6,114.99,0.2,551.97,23.39
ORD-01384,2025-12-08,South,Home Office,Office Supplies,Paper,6,20.0,0.1,107.99,28.31
ORD-00136,2025-12-08,West,Consumer,Office Supplies,Paper,7,19.99,0.05,132.92,38.81
ORD-02490,2025-12-08,West,Home Office,Furniture,Bookcase,2,191.67,0.2,306.67,-12.65
ORD-00723,2025-12-08,North,Consumer,Furniture,Desk,6,379.46,0.4,1366.06,-222.23
ORD-00904,2025-12-08,East,Consumer,Furniture,Bookcase,5,217.3,0.0,1086.48,96.89
ORD-00687,2025-12-08,East,Consumer,Office Supplies,Binder,6,14.74,0.0,88.44,28.57
ORD-00526,2025-12-08,North,Consumer,Technology,Phone,7,586.44,0.1,3694.58,403.69
ORD-00341,2025-12-08,South,Corporate,Office Supplies,Stapler,2,11.45,0.3,16.02,2.21
ORD-02621,2025-12-08,South,Corporate,Furniture,Desk,7,330.71,0.05,2199.25,172.19
ORD-01743,2025-12-08,North,Consumer,Technology,Headphones,4,114.07,0.1,410.66,45.43
ORD-01501,2025-12-09,North,Consumer,Furniture,Chair,4,142.38,0.0,569.53,42.53
ORD-00849,2025-12-09,East,Corporate,Technology,Laptop,3,819.13,0.1,2211.66,330.96
ORD-01698,2025-12-09,South,Corporate,Furniture,Desk,3,335.55,0.0,1006.66,111.77
ORD-00604,2025-12-10,East,Consumer,Office Supplies,Stapler,1,12.48,0.0,12.48,3.9
ORD-00099,2025-12-10,North,Consumer,Technology,Headphones,4,122.4,0.1,440.64,50.87
ORD-01831,2025-12-10,West,Corporate,Technology,Monitor,6,272.83,0.0,1636.98,328.2
ORD-01606,2025-12-11,South,Consumer,Office Supplies,Stapler,6,11.28,0.0,67.7,19.62
ORD-01406,2025-12-11,East,Consumer,Office Supplies,Paper,7,19.63,0.0,137.39,39.75
ORD-01334,2025-12-11,North,Corporate,Office Supplies,Stapler,1,11.74,0.05,11.15,2.96
ORD-02254,2025-12-12,South,Corporate,Office Supplies,Stapler,7,12.25,0.3,60.02,9.18
ORD-00232,2025-12-12,West,Corporate,Furniture,Desk,2,338.41,0.0,676.81,65.37
ORD-01333,2025-12-12,West,Consumer,Furniture,Bookcase,1,202.72,0.0,202.72,17.34
ORD-02181,2025-12-13,East,Consumer,Furniture,Desk,3,316.94,0.2,760.67,-11.6
ORD-02906,2025-12-13,South,Corporate,Office Supplies,Paper,4,21.13,0.1,76.06,18.29
ORD-00031,2025-12-13,East,Consumer,Technology,Laptop,2,825.68,0.1,1486.23,151.55
ORD-00612,2025-12-14,North,Corporate,Office Supplies,Paper,1,21.79,0.0,21.79,6.64
ORD-01402,2025-12-14,East,Corporate,Technology,Phone,2,634.07,0.05,1204.73,193.93
ORD-00103,2025-12-14,West,Consumer,Office Supplies,Printer Ink,2,60.89,0.1,109.6,27.2
ORD-01971,2025-12-14,West,Consumer,Technology,Headphones,4,110.33,0.0,441.31,77.16
ORD-02961,2025-12-14,West,Consumer,Technology,Headphones,4,123.88,0.0,495.53,98.17
ORD-01953,2025-12-14,South,Consumer,Office Supplies,Stapler,2,12.4,0.2,19.84,3.12
ORD-02546,2025-12-14,North,Consumer,Office Supplies,Stapler,7,12.33,0.05,81.98,23.28
ORD-02179,2025-12-14,North,Consumer,Furniture,Chair,2,147.18,0.0,294.36,23.2
ORD-00201,2025-12-15,South,Home Office,Office Supplies,Printer Ink,6,60.34,0.2,289.63,52.13
ORD-01419,2025-12-15,West,Consumer,Furniture,Chair,1,157.42,0.05,149.55,6.35
ORD-02710,2025-12-15,West,Home Office,Office Supplies,Stapler,4,10.82,0.0,43.29,12.81
ORD-00022,2025-12-15,North,Consumer,Furniture,Bookcase,3,198.48,0.0,595.45,46.08
ORD-02067,2025-12-15,South,Home Office,Furniture,Chair,6,159.32,0.2,764.75,-34.6
ORD-01270,2025-12-15,South,Consumer,Office Supplies,Binder,2,13.81,0.0,27.62,8.96
ORD-01955,2025-12-15,West,Consumer,Technology,Laptop,6,834.75,0.1,4507.66,615.47
ORD-01757,2025-12-16,South,Corporate,Office Supplies,Printer Ink,5,64.8,0.05,307.8,89.83
ORD-02290,2025-12-16,North,Corporate,Furniture,Desk,2,331.58,0.3,464.21,-41.18
ORD-02411,2025-12-17,West,Consumer,Office Supplies,Binder,3,15.4,0.0,46.21,13.43
ORD-02896,2025-12-17,North,Corporate,Technology,Headphones,5,109.3,0.0,546.5,84.0
ORD-01374,2025-12-17,West,Corporate,Office Supplies,Stapler,3,10.85,0.3,22.79,2.91
ORD-01134,2025-12-18,North,Consumer,Furniture,Bookcase,7,184.31,0.0,1290.19,83.71
ORD-02076,2025-12-18,West,Corporate,Furniture,Chair,5,139.35,0.0,696.73,32.33
ORD-01065,2025-12-18,East,Consumer,Office Supplies,Printer Ink,7,58.42,0.0,408.91,117.19
ORD-00005,2025-12-18,South,Home Office,Office Supplies,Printer Ink,2,62.83,0.0,125.65,35.14
ORD-01439,2025-12-18,East,Consumer,Furniture,Desk,6,380.35,0.0,2282.12,121.18
ORD-01193,2025-12-18,North,Corporate,Office Supplies,Paper,1,18.14,0.05,17.23,4.2
ORD-01411,2025-12-18,West,Corporate,Technology,Phone,2,600.09,0.0,1200.17,209.62
ORD-01435,2025-12-18,South,Home Office,Office Supplies,Stapler,3,13.1,0.05,37.34,10.29
ORD-01084,2025-12-19,South,Corporate,Furniture,Chair,1,160.45,0.05,152.43,6.62
ORD-01267,2025-12-19,North,Corporate,Office Supplies,Printer Ink,7,65.81,0.05,437.66,131.12
ORD-02056,2025-12-19,South,Corporate,Furniture,Desk,7,340.44,0.05,2263.9,214.0
ORD-00624,2025-12-19,South,Home Office,Office Supplies,Paper,6,21.78,0.3,91.46,11.02
ORD-00296,2025-12-20,South,Consumer,Office Supplies,Printer Ink,3,56.92,0.4,102.45,5.75
ORD-02998,2025-12-20,South,Consumer,Office Supplies,Binder,3,15.48,0.0,46.44,14.42
ORD-00872,2025-12-20,North,Corporate,Technology,Laptop,7,847.07,0.0,5929.51,1127.96
ORD-00456,2025-12-20,East,Home Office,Office Supplies,Paper,3,19.44,0.0,58.32,16.85
ORD-00446,2025-12-20,West,Corporate,Office Supplies,Paper,7,21.73,0.1,136.9,33.92
ORD-01712,2025-12-20,South,Corporate,Office Supplies,Stapler,6,11.12,0.4,40.05,2.19
ORD-01344,2025-12-21,South,Corporate,Office Supplies,Printer Ink,7,63.35,0.0,443.42,135.84
ORD-02044,2025-12-21,South,Consumer,Technology,Monitor,7,305.87,0.2,1712.85,118.33
ORD-00914,2025-12-21,West,Home Office,Furniture,Chair,5,137.66,0.0,688.32,63.92
ORD-01114,2025-12-21,East,Home Office,Office Supplies,Printer Ink,1,55.38,0.0,55.38,18.3
ORD-02824,2025-12-21,East,Consumer,Furniture,Bookcase,3,188.72,0.05,537.86,27.62
ORD-02891,2025-12-21,West,Consumer,Office Supplies,Printer Ink,5,65.2,0.05,309.71,80.39
ORD-00598,2025-12-21,East,Consumer,Office Supplies,Binder,3,14.86,0.1,40.11,9.62
ORD-01486,2025-12-21,West,Home Office,Office Supplies,Stapler,3,11.47,0.0,34.42,10.93
ORD-01701,2025-12-22,North,Corporate,Furniture,Bookcase,1,218.5,0.0,218.5,22.31
ORD-01634,2025-12-22,West,Consumer,Office Supplies,Printer Ink,1,54.31,0.2,43.45,7.92
ORD-00837,2025-12-22,East,Consumer,Technology,Monitor,6,276.57,0.0,1659.43,242.96
ORD-00784,2025-12-23,East,Corporate,Furniture,Bookcase,6,184.23,0.1,994.83,27.48
ORD-01873,2025-12-23,East,Consumer,Office Supplies,Stapler,3,13.12,0.3,27.56,3.46
ORD-01872,2025-12-23,South,Corporate,Office Supplies,Paper,4,20.79,0.3,58.21,6.05
ORD-00622,2025-12-23,West,Consumer,Furniture,Chair,4,156.31,0.2,500.21,-25.67
ORD-00613,2025-12-23,North,Corporate,Office Supplies,Printer Ink,3,62.73,0.1,169.38,40.94
ORD-00913,2025-12-23,East,Consumer,Furniture,Desk,7,335.61,0.3,1644.47,-180.77
ORD-02050,2025-12-24,North,Consumer,Technology,Laptop,1,975.45,0.0,975.45,179.82
ORD-01705,2025-12-24,South,Consumer,Technology,Headphones,1,128.24,0.2,102.59,4.68
ORD-02940,2025-12-24,South,Corporate,Office Supplies,Binder,6,14.41,0.1,77.82,21.82
ORD-02894,2025-12-24,North,Home Office,Technology,Phone,6,617.6,0.05,3520.33,611.66
ORD-02693,2025-12-24,East,Home Office,Office Supplies,Binder,6,14.91,0.0,89.49,28.08
ORD-02325,2025-12-24,East,Corporate,Technology,Headphones,3,109.11,0.1,294.61,30.96
ORD-00385,2025-12-24,North,Home Office,Office Supplies,Paper,1,19.44,0.05,18.47,5.23
ORD-02386,2025-12-24,North,Consumer,Technology,Laptop,5,944.7,0.05,4487.31,605.18
ORD-01988,2025-12-24,West,Corporate,Office Supplies,Stapler,3,13.1,0.2,31.43,5.63
ORD-02261,2025-12-24,West,Consumer,Office Supplies,Binder,5,13.61,0.1,61.26,16.09
ORD-02358,2025-12-25,East,Consumer,Furniture,Desk,6,351.3,0.0,2107.78,238.25
ORD-02793,2025-12-25,West,Corporate,Technology,Phone,3,581.72,0.2,1396.12,65.61
ORD-00980,2025-12-25,South,Corporate,Technology,Phone,4,542.31,0.0,2169.22,411.05
ORD-00540,2025-12-25,South,Consumer,Office Supplies,Stapler,2,11.21,0.0,22.42,6.21
ORD-01766,2025-12-26,North,Corporate,Office Supplies,Paper,3,19.88,0.1,53.67,14.68
ORD-02769,2025-12-26,South,Consumer,Office Supplies,Paper,3,18.89,0.0,56.68,17.5
ORD-01862,2025-12-26,East,Corporate,Technology,Phone,2,615.68,0.05,1169.78,208.42
ORD-00543,2025-12-26,North,Consumer,Technology,Laptop,3,892.4,0.05,2543.34,453.03
ORD-02132,2025-12-26,East,Consumer,Technology,Monitor,6,283.89,0.2,1362.65,39.01
ORD-01187,2025-12-26,East,Home Office,Technology,Monitor,3,285.39,0.0,856.18,145.06
ORD-02717,2025-12-26,North,Consumer,Office Supplies,Binder,5,13.5,0.1,60.75,14.4
ORD-00809,2025-12-27,South,Home Office,Office Supplies,Paper,2,21.88,0.0,43.76,12.26
ORD-00177,2025-12-27,South,Home Office,Furniture,Desk,1,382.46,0.3,267.72,-24.58
ORD-01129,2025-12-27,East,Consumer,Office Supplies,Binder,2,16.09,0.0,32.19,8.59
ORD-02107,2025-12-27,East,Home Office,Technology,Phone,1,603.36,0.0,603.36,109.37
ORD-01022,2025-12-27,North,Consumer,Furniture,Chair,5,164.03,0.1,738.13,4.2
ORD-02395,2025-12-27,South,Consumer,Furniture,Bookcase,4,213.01,0.0,852.02,65.38
ORD-00998,2025-12-28,South,Corporate,Furniture,Chair,2,151.7,0.2,242.72,-11.95
ORD-01861,2025-12-28,East,Corporate,Office Supplies,Paper,1,19.79,0.2,15.83,2.82
ORD-02147,2025-12-28,South,Consumer,Furniture,Desk,7,350.05,0.3,1715.23,-242.42
ORD-02650,2025-12-28,South,Corporate,Office Supplies,Printer Ink,5,59.71,0.1,268.71,57.52
ORD-00710,2025-12-28,North,Consumer,Office Supplies,Stapler,2,11.83,0.1,21.29,6.22
ORD-01618,2025-12-28,South,Home Office,Furniture,Bookcase,2,204.74,0.0,409.49,30.8
ORD-00812,2025-12-28,South,Consumer,Office Supplies,Printer Ink,6,54.37,0.0,326.24,108.88
ORD-01383,2025-12-28,South,Consumer,Furniture,Chair,1,135.74,0.0,135.74,6.82
ORD-02310,2025-12-29,East,Consumer,Furniture,Chair,2,144.33,0.0,288.65,18.54
ORD-01578,2025-12-29,South,Consumer,Furniture,Chair,1,135.92,0.2,108.73,-1.48
ORD-01477,2025-12-29,North,Corporate,Technology,Monitor,6,325.13,0.1,1755.71,205.04
ORD-00527,2025-12-29,South,Consumer,Technology,Headphones,6,125.51,0.0,753.05,120.47
ORD-02569,2025-12-29,East,Consumer,Office Supplies,Stapler,5,11.05,0.4,33.16,2.66
ORD-02440,2025-12-30,North,Consumer,Technology,Phone,1,648.38,0.0,648.38,106.51
ORD-00672,2025-12-30,South,Consumer,Technology,Phone,7,611.07,0.0,4277.51,802.05
ORD-00404,2025-12-30,West,Corporate,Office Supplies,Binder,2,16.36,0.3,22.91,2.76
ORD-02903,2025-12-30,South,Corporate,Office Supplies,Binder,4,15.25,0.05,57.97,16.21
ORD-01259,2025-12-30,West,Corporate,Technology,Headphones,6,112.63,0.3,473.06,0.06
ORD-02800,2025-12-30,North,Corporate,Furniture,Bookcase,4,189.8,0.0,759.2,54.07
ORD-00409,2025-12-31,South,Home Office,Technology,Laptop,2,875.19,0.1,1575.34,194.05
ORD-01560,2025-12-31,South,Consumer,Office Supplies,Binder,6,16.07,0.0,96.43,30.9
ORD-01130,2025-12-31,East,Consumer,Office Supplies,Stapler,1,12.02,0.1,10.82,2.68
ORD-02920,2025-12-31,South,Consumer,Furniture,Desk,1,327.01,0.05,310.66,2.65
ORD-00667,2025-12-31,North,Consumer,Technology,Phone,5,657.13,0.1,2957.1,298.0
ORD-01855,2025-12-31,East,Corporate,Office Supplies,Stapler,2,11.55,0.1,20.78,4.73
ORD-02210,2025-12-31,West,Home Office,Furniture,Desk,6,371.93,0.2,1785.25,-18.02
ORD-01108,2025-12-31,South,Corporate,Office Supplies,Stapler,3,11.42,0.2,27.42,5.24
